    00:06:04.8,    +18:34:59
    00:07:01.7,    +73:03:07.4
    00:14:17.75,    47:46:33.4
    00:23:16.87910,    +09:23:23.871
    00:23:50.35311,    -72:04:31.4926
    00:24:13.87934,    -72:04:43.8405
    00:24:11.1036,    -72:05:20.1377
    00:24:03.8539,    -72:04:42.8065
    00:24:07.9587,    -72:04:39.6911
    00:24:06.7014,    -72:04:06.795
    00:24:07.9330,    -72:04:39.669
    00:23:59.40735,    -72:03:58.7914
    00:24:03.771,    -72:04:56.913
    00:23:54.4877,    -72:05:30.741
    00:24:09.1865,    -72:04:28.880
    00:24:04.6512,    -72:04:53.7552
    00:24:05.67,    -72:04:52.62
    00:24:16.4891,    -72:04:25.153
    00:24:05.67,    -72:04:52.62
    00:24:03.9779,    -72:04:42.342
    00:24:08.548,    -72:04:38.926
    00:24:09.8351,    -72:03:59.6760
    00:24:05.67,    -72:04:52.62
    00:24:06.07,    -72:04:49.02
    00:24:05.67,    -72:04:52.62
    00:24:05.67,    -72:04:52.62
    00:24:05.67,    -72:04:52.62
    00:26:50.561,    +63:20:00.87
    00:33,57
    00:33,61
    00:34:08.8703,    -07:21:53.409
    00:34,    +69:43
    00:45:25.69,    -70:42:07.1
    00:45:35.16,    -73:19:03.0
    00:51:30.1,    04:22:49
    00:53,    +69:39
    00:54,66
    00:54:28,    +69:26
    00:57:44.0,    -72:01:19
    00:58,    +61:25
    00:59,    +50:02
    01:00:43.03,    -72:11:33.6
    01:01:11.1163,    -64:22:30.171
    01:03,    +48:00
    01:03:37,    +54:02
    01:06:25.06,    +48:55:51.8
    01:08:08.347016,    -14:31:50.1871
    01:11:28.77,    -71:31:46.8
    01:12,    +66:22
    01:13:11.09,    -72:20:32.20
    01:26,    +62:35
    01:31:28.51,    -73:10:09.34
    01:33:32.46,    -69:57:29.68
    01:36,    +63:42
    01:37:23.88,    +16:54:42.1
    01:39:38.56,    +56:21:36.8
    01:39:19.7401,    +58:14:31.819
    01:41,    +63:08
    01:46:22.42,    +61:45:02.8
    01:47:44.6457,    +59:22:03.293
    01:51:22.701,    -06:35:02.8
    01:52:23.73,    +09:48:10
    01:52:10.8536,    -16:37:52.99
    01:58:29,    +21:08
    02:01:41.344,    +70:05:18.11
    02:05:37.92247,    +64:49:41.3343
    02:06:01.268,    -40:28:04.33
    02:11:59.0,    -81:59:36.2
    02:12:52.2,    +52:22:45
    02:14:55.2713,    +52:22:40.95
    02:18:06.358569,    +42:32:17.37515
    02:29:03,    +20:58
    02:41:46,    +16:04
    02:42:35,    +62:56:50
    02:43,    +60:27
    02:44:51,    +14:27
    02:48:18.617,    +60:21:34.72
    02:55:56.221,    -53:04:21.36
    03:04:33.115,    19:32:51.4
    03:08,    +74:00
    03:23:26.618,    39:44:52.9
    03:24:55.46,    +52:39:31.3
    03:26,    +67:49
    03:29:08.55,    +16:54:02
    03:32:59.368,    54:34:43.57
    03:32:45,    +79:10
    03:37:43.82589,    +17:15:14.828
    03:39,    +66:44
    03:40:23.28819,    +41:30:45.2903
    03:41,    +57:11
    03:43:27.94,    -30:00:27.5
    03:48:43.639000,    +04:32:11.4580
    03:57:52.5,    +32:05:25
    03:58,    +42:06
    03:58:53.7165,    54:13:13.727
    03:58,    +66:40
    04:01:51.68,    -76:08:13.8
    04:06:30.082,    +61:38:41.04
    04:07:54.939,    16:07:16.4
    04:08,55
    04:08,55
    04:10:39,    -31:07:29
    04:13,58
    04:17:43,    +35:45
    04:17,    +61:08
    04:18:04.2,    -41:54:10.8
    04:18:33.867,    +57:32:22.91
    04:19,44
    04:20:01.95,    -50:22:48.1
    04:26:06.813,    +49:33:38.46
    04:35:34,    +27:44
    04:37:15.896173,    -47:15:09.11071
    04:47,    -04:35
    04:49:05.67,    -70:31:31.7
    04:50:08.781,    -12:48:07.10
    04:51:50,    -67:18
    04:52:34.1057,    -17:59:23.371
    04:53:45.41368,    +15:59:21.3063
    04:54:07.7506,    +55:43:41.437
    04:55:47.55,    -69:51:34.3
    04:56:30,    -69:10
    04:56:02.5,    -70:31:06.6
    04:57:06,    +23:34:00
    04:57:07.79,    -63:37:30.4
    04:57:02,    -69:46
    04:58:37.121,    -05:05:05.1
    04:58:59,    -67:43
    05:01:06.76,    +45:16:33.92
    05:02:04.561,    46:54:06.09
    05:02:50.53,    -66:17:58.8
    05:09:24,    +08:57:00
    05:09:59,    +38:12
    05:11:56.50,    -65:08:36.5
    05:14:06.6927,    -40:02:48.897
    05:14:51.84,    -44:07:06.5
    05:17:10,    +22:16
    05:19,44
    05:20,    +54:25
    05:19:46.917,    -69:32:23.48
    05:21:44,    -68:35
    05:22:23.06,    -68:47:02.2
    05:25:56.4483,    11:15:19.08
    05:26:00.9,    -66:04:36.3
    05:28:52.264,    +22:00:04
    05:29:50.92,    -66:52:38.2
    05:32:59.51,    -66:39:37.3
    05:32:04,    -69:46
    05:33:25.82,    04:02:00.5
    05:33,67
    05:34:31.973,    +22:00:52.06
    05:34:36.17,    -67:03:48.8
    05:35:40,    -66:52
    05:35,    -69:35
    05:36:30.79,    -75:43:56.7
    05:37:43,    -69:21
    05:37:47.416,    -69:10:19.88
    05:38:25.0572,    +28:17:09.161
    05:40:37.116,    +32:07:37.3
    05:40:11.202,    -69:19:54.17
    05:40:30.8,    -71:25:31.4
    05:42:35,    -68:16
    05:43:9.660,    23:29:05
    05:43:52.71,    -68:51:25.3
    05:45,    -03:10
    05:46:28.76,    +24:41:21
    05:54:05.01,    +31:07:41
    05:55,    +39:48
    05:55:01.85,    -70:56:45.6
    05:57:31.44918,    +15:50:06.046
    06:00:46.5,    -57:56:54
    06:01:58.9821,    -05:27:50.56
    06:05,37
    06:08:49,    +00:39
    06:09:58.8861,    +21:30:2.84
    06:10:13.59214,    -21:00:28.0158
    06:11,    +37:18
    06:11:16,    30:16
    06:13:43.975503,    -02:00:47.21147
    06:13:12.150,    +37:31:38.3
    06:14:17.16,    22:30:36
    06:14:10.3478,    -33:29:54.118
    06:14,    +83:14
    06:21:11.221,    +03:36:45.52
    06:21:22.11108,    +10:02:38.741
    06:21,25
    06:22:10.51,    +37:49:13.6
    06:23:46.759,    +03:40:06.8
    06:25:45,    +10:16
    06:27:53.6286,    +06:49:54.13
    06:27:44.175,    +07:06:33.3
    06:27:13,    16:12
    06:28:36.183,    +09:09:13.9
    06:29:05.728,    24:15:43.3
    06:30:26.956,    -00:46:05.85
    06:30:49.404393,    -28:34:42.77881
    06:31:27.524,    +10:37:02.5
    06:33:44.21,    +06:32:34.9
    06:33:54.1530,    +17:46:12.909
    06:33:08.86,    -20:15:07.1
    06:35:18,    +05:33:11
    06:36:33.744,    -45:49:32.62
    06:36:04.84645,    +51:28:59.9625
    06:45:59.081898,    +51:58:14.9208
    06:46,    +80:09
    06:46:30.995,    +09:05:49.3
    06:47:15.68,    +09:13:59.5
    06:52:11.106,    -01:42:30.3
    06:53:15.09,    80:52:00.22
    06:56:30.207,    -22:28:25.55
    06:56:48.990,    -54:49:14.92
    06:58:15.209,    +00:22:35.3
    06:59:48.134,    14:14:21.5
    07:00:37.802,    64:18:11.20
    07:02:39.3,    -49:56:34.2
    07:09:32.533,    -59:23:55.60
    07:11:36.18,    +09:31:25
    07:11:54.189114,    -68:30:47.41446
    07:19:07.380,    -25:45:00.23
    07:20:24.9620,    -31:25:50.083
    07:21:42.9047,    -20:38:07.061
    07:26:08.12,    -26:12:38.1
    07:29:16.45,    -14:48:36.8
    07:33:24.60,    -23:45:56.2
    07:34,    -15:59
    07:35:22,    -62:58
    07:37:44.071,    -22:02:05.32
    07:37:51.248419,    -30:39:40.71431
    07:37:51.248419,    -30:39:40.71431
    07:37,    +69:14
    07:38:32.329,    -40:42:40.94
    07:41,    +41:04
    07:42:49.058,    -28:22:43.76
    07:42,    +66:20
    07:45:02.3,    -53:51:22
    07:46:59.518,    -45:29:26.65
    07:46,    +66:36
    07:49:49.675,    -42:47:42.14
    07:50,    +57:00
    07:54:40.688,    32:31:56.2
    07:58:29.0708,    -15:28:08.738
    08:04:22.20,    -36:47:35.5
    08:06:05,    +08:17
    08:06:23.40,    -41:22:30.9
    08:07:47.185,    -54:21:26.46
    08:08:11.63,    -39:37:52.9
    08:09:43.890,    -47:53:55.14
    08:12:14.802,    -39:05:48.92
    08:14:59.50,    74:29:05.70
    08:15:08.776,    +09:39:50.7
    08:18:49.3,    -30:49:31
    08:18:25.935,    -32:32:30.53
    08:20:26.3817,    -13:50:55.859
    08:20:59.932,    -38:26:42.88
    08:20:49.11,    -39:21:55.7
    08:20:15.45,    -41:14:36.4
    08:21:44.636,    -42:21:25.46
    08:21:57.3653,    -43:00:17.074
    08:23:9.768,    01:59:12.41
    08:24:16,    +00:27
    08:26:51.3833,    26:37:23.79
    08:31:32.43,    -44:06:11.9
    08:34:16.3,    -41:59:51
    08:34:50,    -60:35
    08:35:03.08,    -37:07:51.5
    08:35:37,    -42:32:37
    08:35:20.61149,    -45:10:34.8751
    08:37:05.642,    06:10:14.56
    08:37:44,    -24:47:48
    08:37:21.1818,    -41:35:14.37
    08:38:18.801,    -26:21:29.55
    08:38:30.8,    -39:47:22
    08:40:33.88,    -53:32:35.5
    08:42:05.37,    -48:51:20.8
    08:43:33.82,    +07:18:47.8
    08:43:09.884,    -50:22:43.10
    08:47:57.33,    -43:16:56.8
    08:48:53,    +16:43
    08:49:42.59,    -63:22:35.0
    08:55:36.18,    -46:44:13.4
    08:55:19.57,    -46:58:22.6
    08:56:59.31,    -61:37:53.3
    08:57:55.159,    -44:24:10.32
    09:00:43.95364,    -31:44:30.903
    09:01:40.12,    -46:24:48.5
    09:02:32.4,    -63:25:12.0
    09:04:59.2,    -42:46:14
    09:04:10.8,    -74:59:42.8
    09:05:23.90,    -45:36:53.0
    09:05:51.922,    -51:27:48.71
    09:05:15.245,    -60:19:22.06
    09:07:15.900,    -51:57:59.25
    09:08:38.1822,    -17:39:37.67
    09:08:35.53,    -49:13:06.5
    09:09:36.0,    -72:12:08.4
    09:10,    +77:28
    09:12:42.70,    -38:51:03
    09:19:27.87,    -60:40:50.4
    09:22:14.022,    06:38:23.30
    09:22:14.961,    -49:49:12.08
    09:22,-52
    09:23:58,    -31:57
    09:24:08.69,    -53:02:44.2
    09:24:31.0,    -58:14:06.4
    09:27:37,    +23:47
    09:28:44,    +06:14
    09:31:19.1180,    -19:02:55.015
    09:32:39.15,    -32:17:14.2
    09:32:22.86,    -53:27:11.0
    09:34:58.20,    -41:54:19.5
    09:34:28.30,    -52:49:27.2
    09:40:58.22,    -54:28:40.6
    09:41:38,    -39:41
    09:41:41.147,    -52:44:04.48
    09:42:15.83,    -55:52:52.3
    09:42:54.462,    -56:57:43.44
    09:43:30.10,    16:31:37
    09:43:25,    +22:56
    09:43,    +41:09
    09:44:28.9559,    -13:54:41.63
    09:45:38.254,    -48:33:14.50
    09:46:07.6,    09:51:55
    09:47:22,    +27:42
    09:49:20.567,    -69:02:41.60
    09:52:17.2,    -38:39:10.2
    09:53:09.3097,    07:55:35.75
    09:54:06.04,    -54:30:53.5
    09:55:29.50,    -53:04:16.7
    09:55,    -61:48
    09:57,    -06:17
    09:57:56.01,    -54:32:03.9
    09:59:26.26,    -48:09:47.5
    10:00:28.141,    -51:49:58.12
    10:01:37.98,    -55:07:06.7
    10:01:08.60,    -55:59:00.2
    10:01:32.23,    -59:39:17.8
    10:02:57.9,    -55:59:37
    10:02:20.50,    -59:19:37.2
    10:03:21.58,    -47:47:02.0
    10:06:36.60,    -63:11:41.2
    10:10:00,    +15:51
    10:12:07,    -42:35
    10:12:33.434101,    +53:07:02.60070
    10:12:54.9,    -58:30:25.6
    10:12:48.5,    -58:57:40
    10:13:31.854,    -59:34:26.7
    10:14:18,    -48:49:42
    10:15:37.96,    -57:19:12.8
    10:16:31.2,    -53:45:13.8
    10:16:12.100,    -58:19:01.15
    10:16:21.16,    -58:57:12.1
    10:17:12.86,    -56:21:30.7
    10:17:51.32828,    -71:56:41.64586
    10:19:52.14,    -57:49:05.9
    10:20:14.03,    -59:21:34
    10:20:11.40,    -60:26:06.8
    10:21:24.82,    -56:01:50.9
    10:22:58.0007,    +10:01:52.77
    10:22:28.1,    -58:13:30
    10:23:47.68720,    00:38:40.8455
    10:23:02.9,    -57:46:05
    10:24:38.678633,    -07:19:19.36778
    10:28:28.0,    -58:19:05.2
    10:31:02.24,    -61:17:50.6
    10:32:27.69,    -52:06:08.5
    10:32:07,    -59:10
    10:35:03.08,    -63:45:18.41
    10:36:13.073,    -49:26:21.77
    10:36:20.04,    -65:59:09.27
    10:36,    -83:17
    10:38:26.933,    +00:32:43.6
    10:38:19.70,    -58:31:27.18
    10:41:36.196,    -19:42:13.61
    10:42:00.61,    -55:21:05.5
    10:43:55.29,    -61:16:50.8
    10:44:32.8,    -57:37:19.3
    10:45:50.18696,    -45:09:54.1223
    10:46:43.23,    +03:04:06.9
    10:46:18.87,    -58:13:51.8
    10:47:56,    -58:41
    10:47:28.282,    -67:09:51.066
    10:48:12.2,    -58:32:05.8
    10:49:50.34,    -58:33:44.6
    10:50:07.12,    -59:53:21.4
    10:52:38.11,    -59:54:44.1
    10:52:53.39,    -63:48:16.6
    10:54:57.75,    -59:43:14.1
    10:54:30.46,    -59:46:31.0
    10:54:08.84,    -64:52:37.5
    10:55:48.5,    -60:22:52
    10:55:39.19,    -60:28:37.5
    10:55:54.61,    -62:36:48.3
    10:55:44.71,    -69:05:11.4
    10:56:43.79,    -57:09:34.5
    10:56:25.55,    -62:58:47.6
    10:56:45.980,    -71:17:53.394
    10:57:53.138,    -47:54:57.60
    10:57:58.965,    -52:26:56.26
    10:57:27.4,    -79:14:24.2
    10:58:34.25,    -59:57:36.4
    10:59:00.90,    -57:42:14.2
    11:01:44.96,    -61:01:39.6
    11:01:37.1923,    -64:24:39.332
    11:02,    +65:07
    11:03:33.294,    -54:03:43.245
    11:03:31.48,    -60:25:36.39
    11:04:17.262,    -61:03:03.88
    11:05:24,    -43:57:01
    11:05:26.17,    -61:07:51.4
    11:06:28.44,    -64:39:00.0
    11:07:34.46,    -59:07:18.7
    11:07:58.7,    -59:47:04
    11:07:12.3,    -61:43:59
    11:10:00.40,    -56:37:32.9
    11:11,    +58:52
    11:12:14.81,    -61:03:31.1
    11:12:38.53,    -66:13:04.8
    11:12:51.0,    -69:26:31.0
    11:14:22.52,    -61:00:34.2
    11:15:38.400,    50:30:12.29
    11:15:53.68,    -60:52:17.8
    11:16:43.086,    -41:22:43.96
    11:17:23.81,    -61:54:22
    11:17:45.0,    -64:47:58
    11:19:14.30,    -61:27:49.5
    11:19:40.8,    -79:36:30.3
    11:20:22.40,    -36:18:32.2
    11:21:19.189,    -54:44:05.5
    11:25:58,    +78:23
    11:23:15.651,    -48:44:22.75
    11:23:41.70,    -61:02:06.2
    11:23:55.549,    -62:59:10.74
    11:23:52.210,    -66:51:49.07
    11:24,    -36:00
    11:24:56.47,    -56:38:39.7
    11:24:39.0,    -59:16:19
    11:24:59.5,    -64:21:17
    11:25:44.36564,    -58:25:16.8798
    11:25:55.2180,    -60:14:06.608
    11:26,    -27:37
    11:26:52.608,    -60:54:39.96
    11:26:21.67,    -69:42:15.3
    11:28:46.7,    -62:19:09
    11:29:21,    -53:31
    11:30:16.33,    -58:26:02.3
    11:30:10.44,    -59:25:34.1
    11:30:31.913,    -68:07:28.52
    11:32:33,    -46:55:06
    11:32:15.74,    -56:27:28.9
    11:33:51.45,    -62:50:50.6
    11:35:56,    -49:25:31
    11:35,    -60:55
    11:36:03.2477,    15:51:04.48
    11:36:02.17,    -55:25:08.3
    11:37:32.089,    -67:00:33.01
    11:38:21.62,    -62:07:59.3
    11:41:25.629,    -31:07:52.6
    11:41:07.0140,    -65:45:19.1131
    11:42,    +01:19
    11:42:52.5,    -62:30:03.9
    11:43:15.065,    -51:58:39.89
    11:43:09.79,    -55:36:04.5
    11:44:34.8,    -61:46:49
    11:44:02.11,    -62:17:30.3
    11:46:07.74,    -60:30:59.4
    11:47,-66
    11:48:28.53,    -57:25:12.6
    11:48:37.8,    -64:15:33
    11:51:56.86,    -61:08:17.6
    11:52:10.0,    -58:00:34
    11:52:53.8,    -60:12:21
    11:53,    -21:18
    11:54:20.1,    -62:50:02.7
    11:56:07.45,    -57:07:01.9
    11:56:21.5,    -59:09:12.3
    11:57:08.166,    -51:12:56.14
    11:57:15.240,    -62:24:50.87
    11:59:21.7,    -64:09:57
    11:59:35.71,    -79:10:05.6
    12:01:23.01,    -63:06:59.5
    12:02:28.403,    -58:20:33.4
    12:04:36.72,    -68:43:17.19
    12:07:21.81,    -50:50:30.3
    12:10:00.91,    -52:26:28.4
    12:10:05.988,    -55:59:03.92
    12:10:42.0,    -65:50:04.6
    12:11:24.18,    -63:24:45.2
    12:14:08.42,    -58:30:25.9
    12:15:00.62,    -53:28:31.6
    12:16:20,    -50:27:01
    12:16:41.89,    -62:23:57.8
    12:16:07.3396,    -64:10:09.226
    12:20:17.86,    -63:18:46.5
    12:22:52.3,    -57:38:20
    12:24:44.25,    -62:08:41.1
    12:24:22.185,    -64:07:53.91
    12:25:43.827,    -55:56:43.14
    12:25:28.63,    -60:35:37.6
    12:25:42.8,    -64:08:43
    12:26:50,    -32:27
    12:27:58.724,    -48:53:42.741
    12:27:00.4413,    -62:08:43.789
    12:27:12,    -63:09
    12:31:11.3132,    -14:11:43.63
    12:31:45.76,    -46:09:45.2
    12:31:13.0,    -63:03:18
    12:32:19.1,    -47:42:50.9
    12:32:17.840,    -65:01:03.33
    12:33:31.5,    -63:12:29
    12:33:39.9,    -63:44:55
    12:35:19,    -55:16
    12:35:57.72,    -63:54:30.4
    12:36:59.15,    -50:33:36.3
    12:37:25.9,    -67:25:33.9
    12:39:40.4614,    24:53:49.29
    12:39:59.0,    -68:32:27.7
    12:40:17.61,    -41:24:51.7
    12:43:35.38,    -57:35:42.8
    12:43:17.158,    -64:23:23.85
    12:44:11.48,    -50:53:20.6
    12:44:47.693,    -63:59:47.4
    12:44:38.3,    -65:31:12
    12:45:21.12,    -62:38:55.9
    12:46:38,    +22:53
    12:48:46.36,    -63:44:09.6
    12:48:32.87,    -64:44:00.0
    12:49:54.32,    -65:07:19.8
    12:51:52.94,    -74:07:15.04
    12:52:42.62,    -63:14:32.7
    12:53:28.342,    -58:20:40.89
    12:54:32.48,    -61:50:50.8
    12:55:54.86,    -61:31:10.1
    12:55:18,    -62:48
    12:59:22.7,    -67:41:40
    13:00:03.5767,    +12:40:56.4721
    13:01:38.26,    +08:33:57.5
    13:01:45.76,    -63:05:33.9
    13:01:28.30,    -63:10:40.5
    13:02,    -32:00
    13:02:04,    -63:44:53
    13:02:19.2,    -63:13:29
    13:02:47.6426,    -63:50:08.665
    13:03:00.02,    -63:05:00.8
    13:05:20.9,    -62:03:21.6
    13:05:28.0,    -62:56:39
    13:05:23.7,    -64:55:26.3
    13:05:36,    -66:39
    13:06:44.6,    -62:42:03
    13:06:38.19,    -66:17:21.8
    13:07:54.7,    -63:18:35
    13:07:41,    -67:03:27
    13:08:48.27,    +21:27:06.78
    13:08:44.589,    -46:50:29.7
    13:08:21.08,    -58:44:13.8
    13:09:16.6,    -64:15:59
    13:09:00.29,    -65:26:16.6
    13:11:45.7242,    -34:30:30.350
    13:12,    +00:51
    13:12:55,    +18:10
    13:12:04.6,    -54:02:42
    13:12:53.83,    -55:16:47.1
    13:12:07.16,    -64:00:55.6
    13:13:23.0,    +09:31:56
    13:14:23.4,    -61:01:16
    13:16:46.3,    -62:32:12.2
    13:17:46.29,    -57:59:30.5
    13:17:44.69,    -63:02:52.2
    13:19:20.29,    -60:56:46.67
    13:19:26.32,    -61:05:26.2
    13:20:12.68,    -35:12:26.0
    13:20:53.922,    -53:59:06.38
    13:20,    +67:30
    13:21:39.56,    -59:22:52.1
    13:21:46.18,    83:23:38.92
    13:22:54,    -62:51
    13:22:32.15,    -62:41:53.5
    13:22:18.0,    -63:29:37
    13:24:43.9,    -61:46:00
    13:24:13.65,    -63:02:21.1
    13:26:58.27,    -58:59:29.1
    13:26:32.6,    -64:08:44
    13:26:03.2,    -67:00:51
    13:27:57.5880,    -07:55:29.80
    13:27:17.4,    -62:22:44.6
    13:27:07.47,    -63:01:15.39
    13:27:10.27,    -64:00:13.1
    13:28:06.432,    -43:57:44.12
    13:28:33.58,    -49:21:33.4
    13:29:03.3,    -61:58:59
    13:31:00.01,    -52:45:25.4
    13:32,    -03:26
    13:33:44.829,    -44:49:26.22
    13:34:30.1091,    -58:39:16.545
    13:35:36,    -36:42
    13:37:20.35,    -63:06:23.3
    13:37:31.883,    -64:23:04.915
    13:38:09.35,    -62:04:18.7
    13:39:56.5886,    -47:12:05.52
    13:39:56.6,    -66:18:07.8
    13:40:00.32,    -64:56:42.9
    13:41:07.37,    -60:23:34.7
    13:41:42.63,    -62:20:20.7
    13:42:11,    +28:22:32
    13:42:11.0871,    +28:22:40.141
    13:42:11,    +28:22:32
    13:42:10.2,    +28:22:36
    13:44:39.6,    -60:59:31
    13:45:44.43,    -61:15:30.6
    13:46:22.35,    -49:18:07.2
    13:47:19.38,    -59:47:39.8
    13:48:42.4,    -63:07:4
    13:49:36.65,    -61:30:17.1
    13:49:18,    -63:56
    13:50:16.118,    -51:15:24.77
    13:52:34.45,    -68:03:37.1
    13:54:35,    -62:49:30
    13:55:58.68,    -51:53:53.8
    13:55:36.95,    -57:47:15
    13:55:59.11,    -59:25:00.9
    13:55:21.34,    -62:06:20.1
    13:56:50.558,    -55:21:12.96
    13:57:25,    -62:28
    13:57:02.43,    -64:29:30.2
    13:58:42,    -25:33
    13:59:58.22,    -60:38:08.0
    14:00:30.34,    -14:38:14.4
    14:00:45.69,    -63:25:42.6
    14:01:52.48,    -63:57:45.54
    14:02:57,    -51:24
    14:03:14.0,    -63:10:27
    14:03:04.1,    -76:46:57.5
    14:04:40,    +12:03
    14:05:21.4255,    -46:56:02.31
    14:05:12.41,    -56:41:24.2
    14:06:01.2,    -58:06:32
    14:06:50.04,    -61:21:27.9
    14:07:58.64,    -60:48:58.8
    14:07:56.5,    -61:53:59
    14:09:16.9,    -69:53:34.4
    14:10:24,    -61:32
    14:10:07.370,    -74:04:53.32
    14:12:59.62,    -61:11:30.5
    14:12:07.69,    -61:45:28.8
    14:12:55.84,    +79:22:03.7
    14:13:09.87,    -61:41:13
    14:13:29.9,    -62:05:38
    14:13:05.47,    -62:22:27.8
    14:13:31.316,    -63:07:35.45
    14:14:25.7,    -68:02:58
    14:15:31.27,    -66:21:12.2
    14:16:44.6,    -50:33:17
    14:16:30.59,    -60:37:59.5
    14:18:50.283,    -39:21:18.51
    14:18:32.3,    -59:45:00
    14:18:42.7,    -60:57:49
    14:20:29.1,    -54:16:23
    14:20:03.062,    -56:25:55.00
    14:20:08.237,    -60:48:16.43
    14:22:27.07,    -61:38:28
    14:23:26.79,    -69:53:42.82
    14:24:12.76,    -55:56:13.9
    14:24:23,    -56:40:47
    14:24:32.11,    -58:22:56.0
    14:24:59.2,    -64:38:10.0
    14:25:36.56,    -57:23:30.8
    14:25:59.11,    -57:59:10.2
    14:25:07.7,    -62:10:04.9
    14:27:50.770,    -41:58:56.3
    14:28:26.297,    -55:30:50.2
    14:29:58.6,    -59:11:36.6
    14:29:25.90,    -59:35:58.9
    14:30:40.872,    -66:23:05.04
    14:31:44.6177,    -47:15:27.574
    14:31:03.4953,    -57:40:11.670
    14:32:52.27,    -50:32:17.3
    14:33:13.18,    -60:38:34.7
    14:34:05.3,    -60:06:29.0
    14:34:39.1,    -60:29:49
    14:33:59.7370,    +72:57:26.512
    14:35:00.36,    -59:54:49.2
    14:35:20.2765,    -61:00:57.956
    14:37:01.91,    -59:59:01.4
    14:37:15.31,    -61:46:02.0
    14:39:39.7420,    -55:01:23.621
    14:39,    +76:55
    14:40:31.307,    -63:44:47.6
    14:41:44.3,    -61:37:24
    14:43:26.97,    -51:22:26
    14:44:46.5,    -59:41:19
    14:44:06.02,    -60:26:09.4
    14:46:35.71391,    -47:01:26.7675
    14:49:25.43,    -58:46:40.4
    14:52:52.58,    -58:51:13.3
    14:52:51.898,    -60:36:31.35
    14:53:45.7175,    +19:02:12.224
    14:53:32.737,    -64:13:15.59
    14:54:10.908,    -58:46:34.74
    14:55:47.97069,    -33:30:46.3833
    14:55:06,    -59:23
    14:56:00.158,    -68:43:39.25
    14:57:40.19,    -51:22:53
    14:57:39.0,    -59:00:51
    14:57:31.9,    -59:02:04
    14:59:29.99,    -60:53:20.7
    15:01:44.9558,    -00:46:23.52
    15:01:51.0,    -56:37:48
    15:02:57.389,    -56:53:39.21
    15:02:43.8,    -58:28:42
    15:02:29.84,    -61:28:50.3
    15:02:18.615,    -67:52:16.759
    15:03:54.60,    +21:11:09.3
    15:04:49.14,    -56:21:32
    15:06:39.5,    -51:58:10
    15:07:34.18,    -43:52:03.2
    15:07:48.66,    -66:40:57.1
    15:09:25.6298,    +55:31:32.394
    15:09:27.13,    -58:50:56.1
    15:09:07.5,    -60:15:18.6
    15:10:48.9,    -44:22:07
    15:11:51.308,    -54:14:40.3
    15:11:07.0,    -58:35:28
    15:12:05.7,    -54:31:19
    15:12:43.026,    -57:59:59.8
    15:13:58.99,    -57:39:01.4
    15:13:55.62,    -59:08:09.0
    15:13:44.78,    -59:46:31.9
    15:14:14.56,    -48:34:19.5
    15:14:19.1141,    -49:46:15.516
    15:14:59.10,    -59:25:43.3
    15:15:09.3,    -57:20:49
    15:17:27.34,    -43:56:17.9
    15:17:29.376,    -46:36:00.6
    15:18:33.3176,    02:05:27.55
    15:18:31.458,    02:05:15.47
    15:18:32.788893,    +02:04:47.8153
    15:18:34,    +02:04:58
    15:18:34,    +02:04:58
    15:18:59.1104,    -06:27:07.70
    15:18:16.799084,    49:04:34.25119
    15:18:13.50,    -54:15:45.0
    15:19:47.59,    -57:34:13.6
    15:19:35.81,    -61:06:54.6
    15:19:09.56,    -63:08:19.5
    15:22:06.7,    -55:25:17.5
    15:22:05.3,    -57:35:00
    15:22:42.27,    -58:29:02.7
    15:24:49.86,    -56:25:23.4
    15:24:21.43,    -57:06:35
    15:24:24.65,    -58:19:14.1
    15:25:28.35,    -54:17:20
    15:25:36.064,    -55:23:27.2
    15:25:28.1340,    -55:45:49.842
    15:25:41.45,    -56:05:13
    15:26:41.2,    -56:33:43
    15:27:58.93,    -39:31:35
    15:27:40.9,    -55:52:07
    15:28:34.9542,    -31:46:06.836
    15:28:08.033,    -41:09:28.8
    15:28:39.18,    -55:47:23
    15:29:15.1066,    -38:28:45.85
    15:29:57.6,    -53:55:36
    15:29:35.8,    -56:11:29
    15:30:26.87,    -53:27:56.3
    15:30:52,    -63:43:33
    15:31:08.05,    -40:12:30.9
    15:31:27.91,    -56:10:55.0
    15:32:35.5,    -53:08:06
    15:32:18,    -56:32
    15:34:52.00,    -44:28:09.4
    15:34:08,    -46:14
    15:34:08.37,    -53:34:19.3
    15:34:33.59,    -54:05:39.7
    15:35:17.07,    -41:14:03.1
    15:35:55.92,    -44:15:08.4
    15:35:58.26,    -54:50:26
    15:35:16.76,    -58:48:27.7
    15:36:17.382,    -36:02:58.8
    15:36,    -49:48
    15:36:04.82,    -54:33:15
    15:36:17.72,    -59:07:03.6
    15:37:09.961730,    +11:55:55.43387
    15:37:28.2,    -49:12:03
    15:37:15.73,    -51:53:06
    15:37:51.0,    -56:45:4
    15:38:06.07,    +23:45:04.0
    15:38:48.95,    -54:38:17
    15:38:40.83,    -55:19:46
    15:38:45.03,    -55:51:36.9
    15:38:43.29,    -56:21:55.5
    15:38:05.7,    -56:38:12
    15:38:18.18,    -57:32:29.3
    15:38:08.41,    -57:50:17.1
    15:39:40.84,    -48:28:57
    15:39:07.97,    -55:21:11.2
    15:39:13.96,    -56:26:25.4
    15:39:24.70,    -63:22:53.2
    15:40:59.02,    -57:36:57
    15:41:55,    -42:18:50
    15:41:49.6,    -55:35:01
    15:42:45.471,    -50:34:01.4
    15:42:19.93,    -51:33:35
    15:42:54.51,    -53:03:41
    15:43:30.1579,    -06:20:45.25
    15:43:38.8250,    +09:29:16.339
    15:43:58.25,    -50:13:58
    15:43:44.1498,    -51:49:54.685
    15:43:56.25,    -54:59:13.7
    15:44:04.48722,    +49:37:55.2545
    15:44:59.844,    -53:08:46.5
    15:45:55.94596,    -45:50:37.5272
    15:46:03.44,    -37:47:10.1
    15:46:07.4,    -53:02:23.0
    15:46,-59
    15:47:46.058,    -09:44:7.8
    15:47:30.60,    -57:50:29.4
    15:47:34.99,    -58:39:09.8
    15:48:23.26,    -48:21:49.7
    15:48:19.47,    -49:27:40.4
    15:48:44.03,    -56:07:33.9
    15:49:40.941,    +21:13:26.9
    15:49:21.154,    -48:48:37.44
    15:49:05,    -57:21:37
    15:49:47.9,    -57:22:02
    15:50:02.95,    -52:42:07.0
    15:50:04.8,    -53:17:21
    15:50:54.12386,    -54:18:24.1141
    15:51:07.215,    -06:58:06.5
    15:51:48.02,    -44:24:42
    15:51:41.25,    -53:10:59.6
    15:52:13.2709,    -49:37:49.744
    15:52:38,    -62:14:31
    15:53:59.6,    -54:56:06
    15:54:27.15,    -52:09:38.3
    15:54:40.5,    -55:12:33
    15:55:40.097,    -05:15:57.4
    15:55:17.952,    -31:34:20.10
    15:56:51.5,    -53:58:55
    15:57:00.2580,    -42:58:12.66
    15:58:41.45,    -54:19:26
    15:58:30.53,    -57:56:26.1
    15:59:41.526126,    -44:38:45.90177
    15:59:21.3,    -55:45:40
    16:00:51.903452,    -30:53:49.3653
    16:00:53.031,    -50:44:20.96
    16:00:19.93,    -57:51:14.7
    16:00:35.0,    -59:16:59
    16:01:24,    -50:23
    16:01:27.3,    -52:44:9
    16:01:54.91,    -53:35:43.2
    16:02:18.2,    -49:57:32
    16:02:18.8,    -51:00:02
    16:03:53.697,    -35:39:57.1
    16:03:31.46,    -56:57:44.19
    16:03:35.67751,    -72:02:32.72985
    16:04:32,    -44:43
    16:04:29.41,    -47:18:47.9
    16:04:22.999,    -49:09:58.34
    16:04:29.177,    -72:03:30.46
    16:05:18.52,    +32:49:18.0
    16:05:19.0,    -52:15:48
    16:05:16.3,    -52:57:34
    16:07:12.1034,    -00:32:40.83
    16:07:49.3,    -51:40:16
    16:07:48.711,    -64:49:43.08
    16:09:05.35,    -19:30:08
    16:09:41.13,    -46:16:22.5
    16:09:26.7,    -51:58:18
    16:10:11,    -17:50
    16:10:44.30,    -50:06:42.2
    16:10:12.82,    -53:03:49
    16:11,    -01:28
    16:11:02.7,    -48:11:39
    16:11:46.63,    -49:49:57.2
    16:11:03.20,    -52:09:23.6
    16:11:51.313,    -58:47:42.33
    16:12:23.432,    20:08:18.33
    16:12:26.06,    -24:08:04
    16:12:54,    -49:27
    16:12:00.6,    -51:36:54
    16:12:06,    -55:09
    16:12:27.816,    -58:05:29.2
    16:13:29.03,    -47:14:25.8
    16:13:42.46,    -52:11:21.0
    16:13:57.49,    -52:34:17
    16:14,    -23:15
    16:14:43,    -38:46:15
    16:14:31.227,    -39:37:28.8
    16:14:11.29,    -50:48:03.5
    16:14:45.7,    -51:44:49
    16:14:50.38,    -54:02:47
    16:15:01.191,    -54:44:32.4
    16:15:40.43,    -55:37:00.5
    16:16:29.89,    -50:17:14.9
    16:16:30.9,    -51:09:17
    16:16:23.4,    -52:08:48
    16:17:23.38,    -42:16:59
    16:17:35.105,    -46:08:36.5
    16:17:29.3,    -50:55:13.2
    16:18:30,    -39:19
    16:18:06.80,    -47:23:19.1
    16:19:06,    -42:02
    16:20:41.52,    -49:27:37.1
    16:20:14.44,    -54:14:51.7
    16:21:04.71,    -50:39:48.6
    16:21:55.8,    -52:43:44
    16:22:04.58,    -37:51:13.9
    16:22:45.468,    -43:32:28.2
    16:22:30.060,    -43:47:21.4
    16:22:47.19,    -48:02:13.1
    16:22:05.45,    -48:46:29
    16:22:37.5,    -49:44:30
    16:22:44.80,    -49:50:54.4
    16:22:03.6681,    -66:17:16.978
    16:23:42.701,    -08:41:36.4
    16:23:38.2218,    -26:31:53.769
    16:23:48.34,    -42:56:52
    16:23:54.80,    -49:49:4
    16:24:21.361,    -44:11:33.8
    16:24:18.7,    -46:13:02
    16:24:54.89,    -47:21:27
    16:25:10.33,    -40:48:21.5
    16:25:18.05,    -49:04:33.6
    16:25:16.41,    -49:13:44.6
    16:27:00,    -44:22
    16:26:48.98,    -45:37:25.6
    16:26:42.5,    -48:07:54
    16:26:06.851,    -66:21:15.27
    16:27:18.759,    +14:19:20.7
    16:27:28.75,    -47:06:50.2
    16:27:10.34,    -48:45:08
    16:27:42,    -49:54
    16:27:30,    -51:08
    16:27:21.08,    -55:47:52.4
    16:27:52.59,    -59:36:55.3
    16:27,    +86:54
    16:28:07.00,    -32:05:48.9
    16:28:26.83,    -48:04:59
    16:28:30.9,    -48:28:42
    16:29:35.81,    -36:36:13
    16:29,    +43:59
    16:29:08.7706,    -69:02:45.294
    16:30,37
    16:30:02.47,    -47:19:42
    16:30:37.47,    -47:33:05.0
    16:31:52.47,    -16:12:52.0
    16:31:18.33,    -41:55:03.7
    16:32:54.20,    -10:13:18
    16:32:14.00,    -45:09:09
    16:32:49.813,    -46:21:48.6
    16:32:16.72,    -47:57:34.3
    16:32:39.74,    -48:18:52.6
    16:33:55.30,    -20:10:09
    16:33:47.048,    -44:53:07.8
    16:33:05.4,    -48:05:36
    16:33:00.103,    -50:15:08.1
    16:34:30,    -49:52
    16:34:04.99,    -51:07:45.6
    16:34:19.17,    -56:40:48.7
    16:35:47.36,    -15:11:52
    16:35:52,    -26:16:17
    16:35:55.4,    -45:13:27
    16:35:51.844,    -47:35:23.31
    16:35:55.4,    -49:44:36
    16:35:09.08,    -59:54:41
    16:36:16.53,    -44:40:25
    16:36:32.0,    -48:03:55
    16:36:55.15,    -49:33:10
    16:37:56.8,    -43:35:42
    16:37:53.15,    -44:50:26.3
    16:37:58.710,    -45:53:27.3
    16:37:36,    -46:13
    16:37:13.77,    -46:42:15
    16:37:11.4,    -47:21:03
    16:37:58.68,    -48:16:12
    16:38:37.349,    -38:15:03.4
    16:38:15.56,    -39:51:59
    16:38:31,    -42:33:56
    16:38:52.88,    -43:44:04
    16:38:18,    -44:40
    16:38:46.221,    -44:17:03.6
    16:38:22.98,    -46:08:11.6
    16:38:12.94,    -47:25:32
    16:38:59.96,    -52:26:57.4
    16:39:06.85,    -43:59:52
    16:39:21.201,    -46:04:33.1
    16:40:16.744825,    +22:24:08.84178
    16:40:43.52,    -46:31:35.4
    16:40:47.62,    -46:48:45
    16:40:13.19,    -47:15:35.3
    16:40:43.56,    -49:51:02.1
    16:41:18.04,    -23:47:36
    16:41:40.880,    +36:27:15.44
    16:41:41,    +36:27:37
    16:41:41,    +36:27:37
    16:41:41,    +36:27:37
    16:41:41,    +36:27:37
    16:43:38.160985,    -12:24:58.6783
    16:43:36.97,    -45:05:46.0
    16:43:20.40,    -45:22:01
    16:43:13.52,    -45:50:54.5
    16:44:36,    -44:10
    16:44:49.281,    -45:59:09.5
    16:44:06,    -46:26
    16:44:38.5,    -46:57:38
    16:45:02.0414,    -03:17:58.32
    16:45:34.415,    +10:12:16.04
    16:46:18.13,    -21:42:09.0
    16:46:55.3,    -43:08:07
    16:46:51.3,    -43:46:38
    16:46:36.35,    -51:23:14.6
    16:46:54.8,    -68:31:51
    16:47:46.51,    -36:07:04
    16:47:10.20,    -45:52:16.8
    16:48,    +66:04
    16:48:06.070,    -32:56:40.8
    16:48:13.0,    -44:58:26
    16:48:22.02,    -46:11:16
    16:48:51.23,    -60:44:25.5
    16:49:44.23,    25:33:07.0
    16:49:48.222,    -38:05:59.1
    16:49:06.68,    -39:35:44.2
    16:49:20.42,    -43:49:22.2
    16:49:24.5,    -46:53:09
    16:49:18.27,    -47:29:53
    16:49:31.1,    -55:53:40
    16:50,    +80:45
    16:50:13.174,    -41:26:33.8
    16:50:44.68,    -43:41:30.8
    16:50:32.30,    -45:02:37.3
    16:50:35.100,    -49:21:03.88
    16:51:48.79,    -42:46:11
    16:51:57.2,    -45:19:11
    16:51:42.97,    -52:22:58.2
    16:51:41.2,    -52:55:48
    16:51:07.87,    -76:42:39.5
    16:52:16.677,    -14:00:27.4
    16:52:03.07,    26:51:40.4
    16:52:59.5,    -44:06:05
    16:52:54,    -48:45
    16:53:31.03,    -20:54:55.1
    16:53:39.798,    -38:38:20.8
    16:53:34.23,    -40:30:01.4
    16:53:40.22,    -42:49:03.3
    16:53:29.7,    -43:15:01
    16:53:56.7,    -48:54:51
    16:54:03,    -23:35
    16:54:44.426,    -37:10:57.1
    16:54:23.5,    -41:40:24
    16:54:22.08,    -42:45:39
    16:55:24.53,    -30:48:42
    16:55:38.66,    -38:44:09
    16:56:32.955,    -36:21:59.7
    16:57:36.73,    -44:32:20
    16:58:16.6,    -43:06:50
    16:58:24,    -47:12
    16:58:54.92,    -49:58:58.4
    16:58:39.34359,    -53:24:07.003
    16:59:56.38,    -43:16:06
    16:59:39.44,    -44:39:01
    17:00:49.32,    -36:11:53
    17:00:22.27,    -39:19:00.02
    17:00:38.55,    -40:12:38.6
    17:00:53.67,    -44:22:27
    17:00:22.56,    -49:39:15
    17:01:12.50942,    -30:06:30.173
    17:01:12.6677,    -30:06:49.044
    17:01:12.86592,    -30:06:59.415
    17:01:13.5631,    -30:06:42.559
    17:01:13.2734,    -30:06:46.89
    17:01:12.8222,    -30:06:51.82
    17:01:43.513,    -31:30:36.7
    17:01:18.54,    -37:26:25
    17:01:29.154,    -45:33:48.7
    17:01:12.83,    -49:58:33
    17:02:14.36,    -39:32:40
    17:02:52.52,    -41:28:48.2
    17:02:36.44,    -42:17:01.2
    17:02:27.290,    -43:06:44
    17:02:26.94,    -43:10:40
    17:02:52.6,    -44:28:03
    17:03:26,    -38:12
    17:03:20.59,    -44:42:42
    17:03:54.40,    -48:51:55.8
    17:04:14.8,    -60:16:54
    17:05,    -04:41
    17:05:42.363,    -34:23:45.17
    17:05:37.1,    -39:36:29
    17:05:29.84,    -39:50:59
    17:05:20.4,    -41:08:44
    17:05:35.914,    -43:31:13.6
    17:05:50,    -52:36:17
    17:05:15.3,    -61:35:15
    17:06:21.3,    -38:39:51
    17:06:04.51,    -43:10:21
    17:07,    +59:10
    17:06:09.794,    -61:18:11.70
    17:07:21.728,    -40:53:56.1
    17:07:40.11,    -43:41:12.0
    17:07:41.41,    -44:17:19
    17:07:15.547,    -47:29:34.5
    17:08:17.62215,    -35:06:22.640
    17:08:35.91,    -36:41:21.5
    17:08:16.5,    -38:27:36
    17:08:46.87,    -40:08:52.44
    17:08:12.92,    -45:22:51
    17:08:02.5,    -75:39:23
    17:09:26.4413,    -16:40:57.73
    17:09:05.792,    23:13:27.85
    17:09:45.15,    -36:26:03.6
    17:09:15.99,    -38:41:17
    17:09:47,    -43:54:43
    17:09:30.9,    -43:42:14
    17:09:41.39,    -44:01:11.2
    17:09:42.728,    -44:29:08.24
    17:10:04.9,    -26:16:35
    17:10:30,    -37:30
    17:10:23.75,    -41:48:19
    17:10:29,    +49:20
    17:11:44.45,    -38:26:14
    17:11:10.561,    -43:22:53.1
    17:11:53.12,    -53:50:16
    17:12:11.71,    -27:15:53
    17:12:35,    -39:43
    17:12:35,    -39:43
    17:13:49.533150,    +07:47:37.49284
    17:13:02.3,    -38:44:29
    17:13:28,    -39:49
    17:14:40.122,    -10:54:10.9
    17:14:05.74,    -38:10:30.9
    17:15:23.46,    -32:47:30
    17:15:09.65,    -37:00:04
    17:15:37.89,    -38:59:25.1
    17:15:14.3,    -39:03:02
    17:15:40.99,    -40:34:22
    17:15:10.54,    -42:54:54
    17:16:11.36,    -37:20:44
    17:16:42.06,    -40:05:27
    17:16:44.307,    -41:11:09.5
    17:16:01.109,    -47:11:00.9
    17:17:15.96,    -37:37:36
    17:17:18.4,    -38:47:03
    17:17:25.55,    -39:53:55
    17:17:47.91,    -40:43:50
    17:17:02.0,    -40:43:31
    17:17:52.22,    -41:03:17
    17:17:35.65,    -58:00:05.4
    17:18:18.59,    -37:14:16
    17:18:10.0,    -37:18:53
    17:18:13.565,    -38:25:18.06
    17:18:12,    -41:07
    17:18:11.90,    -45:39:15.9
    17:19:10.07293,    -14:38:00.942
    17:19:37,    -23:29:07
    17:19:01.722,    -40:06:59.5
    17:19:48.77,    -43:02:11.4
    17:20:57.269,    -02:12:23.9
    17:20:01.30,    21:50:12.8
    17:20:22.46,    -24:46:27
    17:20:54,    -36:53
    17:20:01.976,    -36:59:06.5
    17:21:46.61,    -19:39:49
    17:21:05.4963,    -24:57:06.36
    17:22:09.817,    -36:32:53.3
    17:22:59.17,    -37:12:03.7
    17:22:46.517,    -44:00:33.2
    17:23:23.1856,    -28:37:57.17
    17:23:58.2,    -28:52:51
    17:23:07.580,    -36:59:13.9
    17:23,    -38:20
    17:24:44.87,    -31:49:04
    17:24:43,    -35:49
    17:24:47.89,    -35:05:36
    17:24:25.8,    -45:00:15
    17:25:12.281,    -07:32:59.2
    17:25:09.9,    -28:52:22
    17:25:42.2,    -35:46:16
    17:25:00.1,    -38:48:36
    17:25:27.27,    -38:53:04.20
    17:25:41.42,    -40:43:11
    17:26:23,    -00:15
    17:26:36,    -31:57
    17:26:07.51,    -35:29:58
    17:26:49.61,    -36:35:45.6
    17:26:33.37,    -40:06:02
    17:27:30.99,    -27:39:00.5
    17:27:19,    -29:59
    17:27:15.09493,    -29:46:36.797
    17:28:46.25,    -37:33:8
    17:28:27.68,    -40:28:10
    17:29:10.808,    -21:17:28
    17:30:21.66624,    -23:04:31.19
    17:30:08.28,    -29:00:46
    17:30:55.58,    -33:53:38
    17:30:06,    -34:48
    17:31:17.609823,    -18:47:32.666
    17:31:00.53,    -31:23:43
    17:31:14.31,    -33:22:45
    17:31:42.103,    -47:44:34.56
    17:32:33.54,    -31:31:23
    17:32:07.18,    -34:26:05
    17:32:30,    -35:05
    17:32:20.81,    -37:29:05
    17:32:50.0,    -41:28:48
    17:32:48.86,    -41:56:29.6
    17:32:47.766731,    -50:49:00.1917
    17:33:25.86,    -25:33:11
    17:33:33.90,    -28:37:33
    17:33:58.89,    -30:30:49
    17:33:55.21,    -33:22:03
    17:33:26.754,    -37:16:54.6
    17:33:58.64,    -40:05:39.7
    17:33:00.4,    -55:15:40
    17:34:41.6,    -24:15:20
    17:34:50.839,    -30:58:41.4
    17:34:26.9,    -33:33:20
    17:35:48.1,    -02:43:48
    17:35:04.9717,    -07:24:52.49
    17:35:56.9,    -32:58:19
    17:36:54,    +05:48
    17:36:45.44,    -24:57:50
    17:36:24.73,    -28:19:42
    17:36:42.59,    -28:43:51
    17:36:02.7,    -35:11:56
    17:37:47.11235,    -08:11:08.887
    17:37:33.73,    -31:02:00.5
    17:37:04.29,    -31:37:21
    17:37:10.51,    -33:20:20
    17:37:40.039,    -35:55:43.8
    17:38:53.965838,    +03:33:10.86667
    17:38:08.8,    -23:30:47
    17:38:05.03,    -26:47:46
    17:38:14.628,    -27:36:25.8
    17:38:52.24,    -29:55:51
    17:38:47.4,    -31:07:44
    17:38:34.45,    -33:16:01.6
    17:39:17.966,    +06:12:28.4
    17:39:57.821,    -13:13:18.6
    17:39:39.80,    -30:23:12
    17:39:23.22,    -30:49:40
    17:39:48.68,    -31:59:49
    17:39:38.25,    -39:52:00.3
    17:40:25.950,    +10:00:06.3
    17:40:07.3455,    13:11:56.69
    17:40:45.32,    -25:40:19
    17:40:33.82,    -30:15:43.5
    17:40:50.001,    -30:52:04.30
    17:40:25.72,    -33:27:53.5
    17:40:44.589,    -53:40:40.9
    17:41:31.145365,    +13:51:44.13009
    17:41:06.87,    -20:19:24
    17:41:57.23,    -20:53:57
    17:41:35.06,    -27:19:23
    17:41:01.34,    -27:33:51
    17:41:53.51,    27:58:09.0
    17:41:14.47,    -29:45:35
    17:41:07.04,    -30:16:31
    17:41:54,    -34:19
    17:41:18.081,    -39:27:38.0
    17:42:04.43,    -39:57:22
    17:42:26.10,    -46:16:53.5
    17:43:20.12,    -24:42:55
    17:43:15.565,    -31:53:05.3
    17:43:06,    -35:32
    17:43:05.223,    -42:12:02.4
    17:44:29.405789,    -11:34:54.68126
    17:44:16.534,    -16:10:35.8
    17:44:48.47,    -23:35:55
    17:44:05.682,    -31:30:04
    17:44:02.675,    -39:22:21.1
    17:44:38.92,    -53:37:51
    17:45:02.06,    -01:29:18.1
    17:45:09.1348,    -09:52:39.682
    17:45:33.8371,    +10:17:52.523
    17:45:16.71,    -22:29:14
    17:45:40.1662,    -29:00:29.896
    17:45:16,    -29:10
    17:45:50,    -29:12
    17:45:56.305,    -30:40:23.5
    17:45:15.42,    -38:12:07.3
    17:46:00.84,    +22:45:28.9
    17:46:06.87,    25:40:37.5
    17:46,    -27:51
    17:46:03.7,    -28:49:19
    17:46:06.6,    -28:50:42
    17:46:49.5,    -28:56:31.0
    17:46:54.947,    -32:39:55.8
    17:47:58.31,    -10:30:05
    17:47:30.894,    -26:47:14
    17:47:26.55,    -28:02:37
    17:47:22.80,    -28:09:15.0
    17:47:15.882,    -29:58:01.0
    17:47:48.71665,    -40:36:54.7795
    17:48:52.689,    -20:21:39.7
    17:48:52.95290,    -20:21:38.86
    17:48:51.17320,    -20:21:53.81
    17:48:51.64665,    -20:21:07.414
    17:48:52.80040,    -20:21:29.38
    17:48:52.3339,    -20:21:39.33
    17:48:02.255,    -24:46:36.9
    17:48:04.8,    -24:46:45
    17:48:04.8,    -24:46:45
    17:48:04.8,    -24:46:45
    17:48:04.8,    -24:46:45
    17:48:04.8,    -24:46:45
    17:48:04.8,    -24:46:45
    17:48:04.8,    -24:46:45
    17:48:04.8,    -24:46:45
    17:48:04.8,    -24:46:45
    17:48:04.54,    -24:46:36
    17:48:04.8,    -24:46:45
    17:48:04.8,    -24:46:45
    17:48:04.8,    -24:46:45
    17:48:04.8,    -24:46:45
    17:48:04.8,    -24:46:45
    17:48:04.8,    -24:46:45
    17:48:04.8,    -24:46:45
    17:48:04.8,    -24:46:45
    17:48:04.8,    -24:46:45
    17:48:04.8,    -24:46:45
    17:48:04.8,    -24:46:45
    17:48:04.8,    -24:46:45
    17:48:04.8,    -24:46:45
    17:48:04.8,    -24:46:45
    17:48:04.8,    -24:46:45
    17:48:04.8,    -24:46:45
    17:48:04.8,    -24:46:45
    17:48:04.8,    -24:46:45
    17:48:04.8,    -24:46:45
    17:48:04.8,    -24:46:45
    17:48:04.8,    -24:46:45
    17:48:04.8,    -24:46:45
    17:48:04.8,    -24:46:45
    17:48,    -30:17
    17:48:23.79,    -30:09:12.2
    17:49:15.61,    -23:47:17
    17:49:11.28,    -26:29:10
    17:49:23.77,    -49:31:59
    17:49:44.5,    -56:05:19
    17:50:18.4,    -20:43:08
    17:50:59.787,    -24:38:58
    17:50:22.96,    -24:44:47
    17:50:33.39,    -25:36:43
    17:50:04.0,    -28:45
    17:50:44.501,    -35:03:08.9
    17:50:13.8016,    -37:03:10.95
    17:50:12.1770,    -37:03:22.93
    17:50:13.4541,    -37:03:05.58
    17:50:13.0969,    -37:03:06.368
    17:51:52.63,    -25:16:43
    17:51:32.6965,    -28:57:46.50
    17:51:32.725,    -33:23:39.6
    17:51:42.233,    -46:57:24.8
    17:52:35.42,    23:59:48.2
    17:52:58.742,    -24:10:26
    17:52:58.6896,    -28:06:37.3
    17:52:24.55,    -28:21:10
    17:52:53,    -12:59
    17:53:35.171,    -19:14:58
    17:53:39.847,    -22:40:42
    17:53,    -38:49
    17:54:36.56,    -24:22:24
    17:54:16,    -30:11
    17:54:37.372,    -34:43:53.9
    17:54:54.616,    -35:10:43.0
    17:55:10.364,    -09:03:51.6
    17:55:11.648,    -16:50:41
    17:55:35.801,    -20:25:00
    17:55:36,    -25:53
    17:55:59.71,    -25:21:27
    17:55:19.31,    -25:21:09
    17:55:49.82,    -25:34:39
    17:55:16.29,    -26:00
    17:55:41.88,    -27:25:45
    17:55:12,    -33:31
    17:55:35.4462,    -37:16:10.78
    17:56:00,    +18:19
    17:56:25.56,    -22:25:48
    17:56:46.633812,    -22:51:59.35
    17:56:42,    -25:28
    17:57:19.39,    -26:19:08
    17:57:24,    -15:03:18
    17:57:50.772,    -22:23:49
    17:57:54.795,    -27:45
    17:57:15.1615,    -53:22:26.387
    17:58:05.60,    -19:31:41
    17:58:44.45,    -22:06:45
    17:58:31.94,    -25:40:49
    17:58:34.27,    -26:30:10
    17:58:15.41,    -28:46:02
    17:58:25.88,    30:30:24.0
    17:59:34.30,    -10:29:57
    17:59:28.16,    -17:36:10
    17:59:41.76,    -19:03:19
    17:59:57.040,    -19:40:29
    17:59:35.42,    -19:56:08
    17:59:49.23,    -23:02:08
    17:59:30.945,    -23:07:17
    17:59:24,    -24:02
    17:59:35.12,    -25:49:07
    17:59:22.056,    -31:07:21.5
    18:00:22.08,    -01:25:30.6
    18:00:12.3,    -21:14:19
    18:00,    -23:43
    18:01,    +50:28
    18:01:50.6124,    -08:57:31.85
    18:01:50.5658,    -08:57:32.81
    18:01:50.7407,    -08:57:32.70
    18:01:55.3653,    -08:57:24.33
    18:01:51.0764,    -14:17:34.50
    18:01:22.3,    -18:55:49
    18:01:46.69,    -19:09:36
    18:01:32.49,    -21:15:18
    18:01:08.33,    -21:54:32
    18:01:19.829,    -23:04:44.2
    18:01:00.016,    -24:51:27.5
    18:01:25.8896,    -32:10:53.714
    18:01:52.66,    -34:58:37
    18:02:27.45,    +01:28:23.7
    18:02:44,    +03:38
    18:02:12,    -05:23:53
    18:02:14.85,    -17:45:17
    18:02:05.335576,    -21:24:03.649
    18:02:03.10,    -24:26:43
    18:02:55.2,    -33:46:45
    18:03:34.68,    -16:16:30
    18:03:59.06,    -18:57:19
    18:03:29.44,    -19:20:41
    18:03:51.4105,    -21:37:07.351
    18:03:09.632,    -21:49:13
    18:03:34.1,    -30:02:02
    18:03:34.1,    -30:02:02
    18:03:34.1,    -30:02:02
    18:03:44.453,    -33:29:10.7
    18:04:28.19,    -22:28:18
    18:04:48,    -28:07
    18:05:31.436,    -06:19:45.4
    18:05:06.10,    -15:04:36
    18:05:37.09,    -20:32:51
    18:05:28.19,    -20:37:16
    18:05:25.93,    -24:47:30
    18:05:42.49,    -29:48:00
    18:06:52.114,    +10:23:18.30
    18:06:25.78,    -16:18:38
    18:06:06.6,    -19:20:23
    18:06:19.59,    -21:25:40
    18:07:25,    +04:05
    18:07:51.235,    +07:56:43.39
    18:07:38.0274,    -08:47:43.27
    18:07:20.355604,    -24:59:52.9015
    18:07:20.871209,    -25:00:1.915
    18:07:13.66,    -25:57:20
    18:08:19,    +00:34
    18:08:45.634,    -10:20:48.3
    18:08:39.09,    -15:17:40
    18:08:42.3,    -17:26:27
    18:08:39.337,    -20:24:39.85
    18:08:13.23,    -27:01:21
    18:08:04.48,    -32:49:34
    18:09:51.36,    -01:19:29.0
    18:09:35.92,    -07:43:01.4
    18:09:45.510,    -14:29:25.0
    18:09:37.21,    -18:50:55
    18:09:43.147,    -19:17:38.1
    18:09:51.08696,    -19:43:51.9315
    18:09:15.87,    -20:04:12
    18:09:50.25,    -23:32:22.68
    18:09:26.98,    -35:47:18
    18:10:59.162,    -14:41:33.6
    18:10:37.28,    17:44:37.38
    18:10:55.52,    -18:20:39
    18:10:58.9919,    -20:05:08.27
    18:10:44.43,    -53:38:07.7
    18:11:19.88,    -01:54:30.9
    18:11:20.42,    07:02:29.7
    18:11:17.07,    -10:49:03
    18:11:26.53,    -17:17:47
    18:11:55.034,    -17:36:37.7
    18:11:29.72,    -18:35:44
    18:11:29.2,    -19:25:28
    18:11:19.85315,    -24:05:18.365
    18:11:55.53,    -24:39:53
    18:11:27.19,    -49:30:20.8
    18:12:34.89,    -19:10:39
    18:12:20.93,    -21:02:36
    18:12:32.30,    -25:26:38
    18:12:40.58,    -27:48:03
    18:12:44.902,    -30:39:21
    18:13:23.77,    -12:45:59.2
    18:13:35.166,    -17:49:57.48
    18:13:38.76,    18:22:15.0
    18:13:39.87,    -21:13:00.4
    18:13:29.16,    -22:42:06
    18:13:40.59165,    -26:21:57.055
    18:14:26.13,    -05:21:37.0
    18:14:41.26,    -06:18:01.7
    18:14:42.742,    +11:30:43.95
    18:14:37.35,    -16:49:28
    18:14:43.10,    -17:44:48
    18:15:14.672,    -17:38:03.0
    18:15:03.08,    -19:10:00.4
    18:15,    +55:29
    18:16:24.543,    -07:55:22.5
    18:16:29.19,    -14:46:30
    18:16:35.93436,    +45:10:33.8618
    18:16:36.464,    -56:43:42.10
    18:17:49.79,    -07:43:18.9
    18:17:36.20,    -15:11:39
    18:17:06.82,    -19:38:36
    18:17,    -23:11
    18:17:05.777,    -36:18:04.0
    18:17:00.270,    -38:37:59.7
    18:18:15,    -01:49:02
    18:18:26.45,    -11:16:29
    18:18:23.7660,    -14:22:36.71
    18:18:27.91,    -14:48:38
    18:18:14.6,    -15:19:43
    18:18:37.52,    -15:41:45
    18:18:51.95,    -15:56:04
    18:19:50.542,    -09:25:49.9
    18:19:39.986,    -10:08:28
    18:19:28.78,    -11:14:43
    18:19:58.15,    -11:31:29
    18:19:56.226,    +13:05:15.25
    18:19:43.66,    -13:18:42
    18:19:56.8,    -14:08:01.6
    18:19:34.173,    -14:58:03.57
    18:19:53.691,    -15:10:20.6
    18:19:30,    -17:05
    18:19:43.40,    -17:17:16
    18:20:22.728,    -05:09:38.5
    18:20:40.82,    -15:29:50
    18:21:38.88368,    +01:55:21.993
    18:21:10.310,    -02:56:38.6
    18:21:44.70,    -03:31:12.7
    18:21:34.3,    -14:19:26
    18:21:39.777,    -14:32:53.2
    18:21:13.503,    +17:15:47.06
    18:22,    +41:45
    18:22:51.86,    -08:48:59.0
    18:22:39.80,    -09:07:36
    18:22:14.60,    +11:20:56.2
    18:22:41.7,    -12:52:49
    18:22:18.00,    -16:04:26.8
    18:22:36.6,    -16:17:35
    18:22:11.356,    -42:09:10.98
    18:23:30.9731,    05:50:24.31
    18:23:19.86,    -11:26:04
    18:23:24.25,    -13:47:54
    18:23:21.42,    -15:26:22
    18:23:09.68,    -18:07:33
    18:23:40.48701,    -30:21:40.127
    18:23:41.5455,    -30:21:40.94
    18:23:41.1516,    -30:21:38.45
    18:23:40.5312,    -30:21:43.66
    18:23:40.5,    -30:21:40.2
    18:23:40.5,    -30:21:40.2
    18:24:53.43,    -01:27:51.4
    18:24:56.151,    -11:59:53.4
    18:24:50.181,    -13:50:21.0
    18:24:57.387,    -14:23:05.3
    18:24:14.10,    -15:00:33
    18:24:10.32,    -22:33:11
    18:24:28.64,    -23:28:17
    18:24:32.00788,    -24:52:10.834
    18:24:32.81,    -24:52:11.20
    18:24:32.81,    -24:52:11.20
    18:24:32.81,    -24:52:11.20
    18:24:32.81,    -24:52:11.20
    18:24:32.81,    -24:52:11.20
    18:24:32.81,    -24:52:11.20
    18:24:32.81,    -24:52:11.20
    18:24:32.53,    -24:52:08.6
    18:24:32.81,    -24:52:11.20
    18:24:32.81,    -24:52:11.20
    18:24:32.81,    -24:52:11.20
    18:24:30.587,    -25:37:19
    18:25:55.9531,    -03:19:57.570
    18:25:30.629,    -09:35:22.3
    18:25:18.3,    -11:08:54
    18:25:58,    -31:02:20
    18:26:02,    -33:21
    18:26:08.53,    -12:56:33.0
    18:26:13.175,    -13:34:46.8
    18:26:42.391,    -14:19:21.6
    18:26:12.60,    -15:26:03
    18:27:02.735,    -07:50:19.2
    18:27:45.884,    -09:34:16.4
    18:28:20.715,    -06:11:51.5
    18:28:28.03,    +06:25:00.5
    18:28:30.356,    -10:07:10.1
    18:28:33.21,    -10:57:26
    18:28:18.849,    -11:01:50.9
    18:28:42.85,    -13:36:45
    18:28:53.338,    +13:59:35.36
    18:28:21.56,    -21:19:56
    18:29:47.14,    +00:00:08.5
    18:29:05.37,    -07:34:22
    18:29:06.06,    -10:11:25
    18:29:34.6668,    +24:56:18.193
    18:30:30.70,    -00:52:54.0
    18:30:19.612,    -01:31:48.1
    18:30:06,    -10:39
    18:30:01.72,    -11:35:32
    18:30:41.98,    -13:13:16.2
    18:30:00.35,    -14:14:37
    18:31:36.334,    -08:23:23.9
    18:31:34.304,    -09:52:01.7
    18:31:12.83,    -12:23:31
    18:31:55.96,    -13:29:56
    18:31:29.10,    -14:23:46
    18:32:50.7,    +00:29:27
    18:32:42.67,    -06:44:01.8
    18:32:27.5936,    -08:36:54.98
    18:32:30,    -28:43
    18:33:05.411,    -02:09:16.4
    18:33:38.88,    -05:56:05
    18:33:07.60,    -05:59:25
    18:33:44.37,    -08:31:07.7
    18:33:33.57,    -10:34:07.5
    18:33:58.40,    -10:55:31
    18:33:14.8,    -60:23:04
    18:34:51.093,    -00:31:34.3
    18:34:37.97,    -06:02:35
    18:34:29.25,    -06:33:01.1
    18:34:16.00,    -07:31:07
    18:34:31.32,    -07:42:20.6
    18:34:29.8,    -08:12:00
    18:34:52.118,    -08:45:56.02
    18:34:36,    -09:15
    18:34:27,    +10:44
    18:34:23.12,    -12:02:26.4
    18:34:53.401,    -17:10:50
    18:34:45.94,    -18:55:59
    18:35:21.9179,    -01:14:33.61
    18:35:12.946,    -03:49:09.9
    18:35:08.12,    -05:22:08
    18:35:38.02,    -09:24:27
    18:35:21.822,    -09:24:15.9
    18:35:22.22,    -09:28:02
    18:35:46.66,    -09:44:29
    18:35:44.86,    -09:46:38
    18:35:57.551,    -10:20:04.8
    18:35:18.287,    -11:06:15.1
    18:35:50.33,    -15:48:38
    18:35:44,    -32:59:25
    18:36:25.20,    -05:17:35
    18:36:06,    -11:17
    18:36:52.287,    -13:24:33.6
    18:36:25.4452,    -23:54:52.39
    18:36:24.351,    -23:54:28.7
    18:36:13.674,    +59:25:30.15
    18:37:28.45,    +00:53:13
    18:37:23.663,    -05:59:28.3
    18:37:43.55,    -06:04:49
    18:37:43,    -08:20:04
    18:37:07.12,    +12:21:54.0
    18:37:09.41,    -12:43:56
    18:37:54.25,    -18:37:08
    18:38:30,    -01:01
    18:38:39.423,    -01:07:48.64
    18:38:11.19,    -04:53:23
    18:38:56.02,    -05:37:09
    18:38:38.09,    -05:49:12
    18:38:51.78,    -06:24:54
    18:38:03.13,    -06:55:33.4
    18:38:26.48,    -10:46:57
    18:38:43.062,    +16:50:16.05
    18:38:33.79,    -18:49:59
    18:39:53,    -01:36
    18:39:58.032,    -02:23:09.5
    18:39:37.515,    -03:21:10.5
    18:39:56.583,    -03:32:58.6
    18:39:51.06,    -04:02:24.9
    18:39:00.064,    -04:36:57.5
    18:39:42.619,    -04:59:58.8
    18:39:20.46,    -06:27:34
    18:39:09.803,    -06:43:45.2
    18:39:53.458,    -09:05:14.8
    18:39:43.708,    -12:38:40.7
    18:39:00,    15:00:00
    18:40:34.087,    +02:14:54.7
    18:40:49,    -04:38:27
    18:40:23.18,    -05:59:16.2
    18:40:16.31,    -06:26:15.4
    18:40:09.44,    -06:43:47
    18:40:47.6,    -07:53:32
    18:40:33.364,    -08:09:03.3
    18:40:13.775,    -08:15:10.6
    18:40:51.9,    -08:40:29
    18:40:24.066,    -11:22:10.7
    18:40:53.782,    -12:07:32.6
    18:40:32.96,    -14:19:05
    18:40:44.608,    56:40:55.47
    18:41:17.761,    +01:30:16.9
    18:41:56.207,    -01:57:54.6
    18:41:25.89,    -03:10:21
    18:41:38.68,    -03:48:42.6
    18:41:05.663,    -04:25:19.50
    18:41:19.343,    -04:56:11.16
    18:41:18.14,    -05:00:19.5
    18:41:49.32,    -05:24:29.5
    18:41:34.3,    -14:04:19
    18:41:25.9,    -78:45:15
    18:42:57.870,    -01:53:26.7
    18:42:30.93,    +02:57:58.8
    18:42:19.02,    -03:09:46
    18:42:17.022,    +03:58:35.3
    18:42:11.289,    -04:15:38.2
    18:42:43.05,    -06:12:36
    18:42:10.002,    +06:38:15.0
    18:42:54.943,    -08:00:53.5
    18:42:22.138,    -09:05:24.6
    18:42:29.96,    +13:32:01.5
    18:43:27.962,    -00:00:40.9
    18:43:36.72,    -00:50:10
    18:43:12.63,    -01:37:46.3
    18:43:30.328,    -02:11:02.8
    18:43:06.67,    -03:55:56
    18:43:43.44,    -04:08:04
    18:43:27.643,    -04:59:30.4
    18:43:09.732,    -05:10:04.5
    18:43:22.441,    -07:02:54.6
    18:43:05.487,    -07:44:30.1
    18:43:28.715,    -08:06:44.9
    18:43:41.26225,    -11:13:31.052
    18:43:01.3750,    -14:48:12.61
    18:43:33.607,    -15:07:03.0
    18:43:26.18,    +20:24:54.6
    18:44:11,    +00:35
    18:44:41.099,    -00:30:25.8
    18:44:40.5474,    +01:15:34.974
    18:44:53,    -02:56
    18:44:54.68,    -02:56:53.1
    18:44:06.918,    -03:02:11.2
    18:44:45.48,    -03:10:37.1
    18:44:01.54,    -04:52:20.9
    18:44:33.96,    -05:02:00.5
    18:44:54.8946,    14:54:14.12
    18:45:52.9,    -03:16:05
    18:45:38.49,    -05:45:18.2
    18:45:08.59,    +06:23:57.6
    18:45:07.406,    -06:35:23.4
    18:45:57.18,    -07:43:38.4
    18:45:05.693,    -08:26:39.7
    18:45:45.778,    -11:14:11.0
    18:45:11.50,    -13:51:54.5
    18:46:43.821,    +00:51:39.0
    18:46:15.49,    -02:57:36.0
    18:46:24.94,    -02:58:30.1
    18:46:19.744,    -07:49:21.4
    18:46:07.999,    -07:49:13.2
    18:46:26.0,    +09:19:46
    18:46:13.78,    -74:03:04
    18:47:35.21,    -01:30:46
    18:47:18.86,    -04:27:59
    18:47:37.925,    -04:38:15.3
    18:47:51.85,    -04:43:36.2
    18:47:21.071,    -06:05:14.1
    18:48:37.89,    -00:23:17
    18:48:45.50,    -00:55:53
    18:48:42.24,    +03:51:35.7
    18:48:15.01,    -05:11:38
    18:48:20.349,    -06:01:07.7
    18:48:54.622,    +06:04:46.8
    18:48:56.01,    06:47:31.7
    18:48:43.77,    +08:26:35.9
    18:48:11.81,    -11:50:09.2
    18:48:02,    -12:47
    18:48:30,    +12:50
    18:49:01.61,    -00:01:17.6
    18:49:10.25,    -00:40:20
    18:49:44.18,    +01:27:23
    18:49:57.85,    -03:17:31
    18:49:03.471,    +04:09:42.3
    18:49:45.157,    -06:14:31.5
    18:49:34.6763,    +24:23:45.976
    18:50:47.93,    -00:06:26.1
    18:50:14.714,    -00:26:11.6
    18:50:45.144,    +00:26:25.6
    18:50:33.39,    -00:31:09
    18:50:01.0139,    +01:24:34.61
    18:50:41.683,    +02:42:57.44
    18:50:23.43,    +04:23:09.2
    18:50:09,    +15:32
    18:51:55.093,    -00:29:58.1
    18:51:03.17,    -00:53:07.3
    18:51:16.41,    -01:14:13.4
    18:51:52.18,    +01:18:59
    18:51,    +02:32
    18:51:15.26,    -02:41:31
    18:52:42.78,    +00:08:09.6
    18:52:41.779,    +00:13:57.1
    18:52:46.6,    +00:33:20.9
    18:52:38.57,    +00:40:19.8
    18:52:17.15,    -01:18:14.8
    18:52:03.60,    -01:27:23.4
    18:52:32.6,    +03:05:05
    18:52:57.38,    -06:35:57
    18:53:23.018,    -00:04:32.3
    18:53:29.968,    +00:11:29.7
    18:53:32.66,    +00:56:59
    18:53,    +03:00
    18:53:04.36,    +05:05:26.1
    18:53:58.411,    +05:45:55.26
    18:53:25.422,    -06:49:25.9
    18:53:22.07,    +08:53:17
    18:53:57.318426,    +13:03:44.0596
    18:54,    +00:00
    18:54:02.98,    +03:06:14
    18:54:29.06,    03:17:31
    18:54:53.6,    -15:57:22
    18:55:42.046,    +02:05:36.4
    18:55:26.63,    +03:07:20.2
    18:55:41.37,    +04:22:47
    18:55:15.073,    +05:27:40.7
    18:55:17.72,    +07:00:37.1
    18:55:15.68,    -09:41:02
    18:56:28.503,    +01:02:10.6
    18:56:50.9,    +02:45:47
    18:56:26.6,    +04:04:26
    18:56:21.977,    -05:26:56.8
    18:56:35.41,    -37:54:08
    18:57:33.008,    +01:43:47.0
    18:57:40.90,    +02:10:58
    18:57:15.856,    +05:26:28.7
    18:57:09.31,    +08:09:04.3
    18:57:36.390848,    +09:43:17.21458
    18:57:26.45,    -10:27:01
    18:58,    +02:00
    18:58:17.43,    +02:15:38
    18:58:53.81,    +02:41:38
    18:58:22.36,    +03:46:37.8
    18:58:44.3,    -07:37
    18:58,    -22:16
    18:59:46,    +00:35
    18:59:45.76,    +06:01:46.1
    18:59:44.389,    +15:26:11.0
    18:59,    +76:54
    19:00:46.644,    -00:51:08.4
    19:00:38.60,    +02:27:32.0
    19:00:50.5548,    +03:08:24.079
    19:00:28.034,    +06:34:20.9
    19:00:14,    -09:28:07
    19:00:47.582,    -26:00:43.8
    19:00:18,    +30:53
    19:00:24.4,    -79:51:48.2
    19:01:32,    +00:26
    19:01:52.545,    +01:24:49.3
    19:01,    +02:35
    19:01:15.67,    +02:54:41
    19:01:59.6168,    +03:00:23.324
    19:01:15.675,    -03:12:29.5
    19:01:16.33,    -03:15:14.3
    19:01:03.01,    +03:20:18
    19:01:30.81,    +03:55:58.9
    19:01:10.3,    +04:13:51
    19:01:32.2,    +04:35:23
    19:01,    +04:59
    19:01:57.85,    +05:10:34
    19:01:05.96,    +06:21:19
    19:01:48.77,    +13:06:48.3
    19:01:18.03,    -17:40:00
    19:02,    +02:00
    19:02:50.26,    +02:48:56
    19:02:50.70,    -03:40:18
    19:02:50.277,    +06:16:33.41
    19:02:13.54,    +07:23:51
    19:02:18,    -10:39:33
    19:02:02.84821,    -51:05:56.9695
    19:02,-70
    19:03:30.343,    -02:58:15.6
    19:03:05.793213,    +03:27:19.20911
    19:03,    +04:15
    19:03:20.874,    +06:01:34.0
    19:03:11.271,    -08:48:57.4
    19:03:55.18,    +09:25:55
    19:03:52.95,    +22:25:12.3
    19:03:38.7935,    -70:51:43.461
    19:04:55.555,    -01:50:32.5
    19:04:31.382,    +04:12:05.9
    19:04:59.3848,    +04:51:54.953
    19:04:07.533,    +07:38:51.69
    19:04:03.50,    +08:00:52.6
    19:04:02.49,    +10:11:34.6
    19:04:45,    -16:24:47
    19:05:15.4,    +01:54:33
    19:05:28.273436,    04:00:10.8830
    19:05:04.35,    +06:00:59.9
    19:05:06.849,    +06:16:16.7
    19:05:19.535,    +09:02:32.49
    19:06,    +00:55
    19:06:57.793,    +04:14:29.44
    19:06:11.97,    +06:49:48.1
    19:06:31.20,    +07:22:55.8
    19:06,    +07:25
    19:06:48.86,    +07:46:25.9
    19:06:28.46,    +09:12:56.6
    19:06:44.71,    +18:54:08.5
    19:07:42.03,    +02:49:41
    19:07,    +02:56
    19:07:14.543,    +03:45:10.6
    19:07,    +05:00
    19:07:23.34,    +05:34:53
    19:07:54.74,    +06:02:16.9
    19:07:54.79,    +07:31:21.9
    19:07:44.118,    +07:40:22.6
    19:07:22.441,    +09:18:30.76
    19:07:14.33,    09:19:20.1
    19:07:37.78,    +11:49:37.1
    19:07:10.70,    +12:47:35.9
    19:07:06.78,    -15:32:14.9
    19:07:34.656,    40:02:05.71
    19:08:16.15,    +04:57:41
    19:08:05.162,    +05:00:54.45
    19:08:17.010,    +07:34:14.36
    19:08:18.51,    +08:39:59.2
    19:08:07.437,    +09:09:12.4
    19:08:58.76,    +09:16:14
    19:08:31.94,    23:51:41.9
    19:09:51.21,    +06:16:51.8
    19:09:29.052,    +06:41:25.8
    19:09:08.2,    +07:49:32
    19:09:19.91,    +09:12:53.7
    19:09,    +11:48
    19:09:26.96,    +14:50:58
    19:09:18.604,    +18:59:10.74
    19:09:47.434674,    -37:44:14.46674
    19:10:15.7,    -01:12:06
    19:10:10.359,    +02:25:23.6
    19:10:26.51,    +05:34:09
    19:10:18.597,    +07:14:11.8
    19:10:22.079,    +07:28:37.09
    19:10,    +10:27
    19:10:09.70145,    +12:56:25.4869
    19:11:42.75562,    -59:58:26.9029
    19:10:52.0556,    -59:59:00.861
    19:11:05.5552,    -60:00:59.700
    19:10:52.4163,    -59:59:05.479
    19:10:52.1572,    -59:59:02.087
    19:11:48,    +00:37
    19:11:11.08957,    +01:02:09.741
    19:11:12.5725,    +01:01:50.44
    19:11,    +09:00
    19:11,    +10:00
    19:11:49.2927,    -11:14:22.33
    19:11:55.2047,    +13:47:34.411
    19:11:55.390,    +17:58:45.79
    19:12:46.33,    +10:36:41.6
    19:12:18.626,    +25:25:02.12
    19:13:54.1735,    -04:40:47.68
    19:13:50.82,    +04:46:06
    19:13,    +06:17
    19:13:00.50,    +08:32:05.1
    19:13:21.061,    +09:04:45.4
    19:13:52.70,    +09:36:41.8
    19:13:03.59,    +10:00:02.4
    19:13:20.341,    +10:11:22.97
    19:13,    +11:03
    19:13:43.88,    +11:45:33.1
    19:13:17.975,    +13:30:32.8
    19:13:27.887,    +37:32:12.30
    19:14:23.794,    +02:19:47.8
    19:14:17.24,    +06:31:56.3
    19:14,    +06:59
    19:14:10.12,    +11:22:03.7
    19:15:02.122,    +02:27:47.77
    19:15:24.80,    +07:38:31.4
    19:15:01.94,    +07:52:09.2
    19:15:13.87,    +08:38:59.7
    19:15:29.984,    +10:09:43.67
    19:15,    -11:30
    19:15,    +11:44
    19:15,    +11:49
    19:15:35.416,    +14:10:51.5
    19:15:27.99928,    +16:06:27.3871
    19:16:51.5,    +07:48:00
    19:16:19.081,    +08:44:07.0
    19:16:24.6,    +08:52:36
    19:16:36.91,    +10:23:03
    19:16:11.72,    +10:30:53.4
    19:16:20.045,    +12:25:53.94
    19:17:48.853,    +08:34:54.63
    19:17:23.976,    +17:37:31.6
    19:18:48.033256,    -06:42:34.8877
    19:18:48.247,    -10:52:46.38
    19:18,    +13:10
    19:18:07.70,    +15:41:15.2
    19:19:50.663,    00:21:39.8
    19:19:43.62,    +01:34:56.5
    19:19:32.986,    +13:14:37.3
    19:19:09.243,    +16:45:22.72
    19:19:43.342,    +17:45:03.79
    19:20:49,    -09:46:27
    19:20:55.38,    +10:40:31
    19:20:13.31,    +11:10:59
    19:21:47.704,    +08:12:51.86
    19:21:46.4723,    +15:44:17.46
    19:21,    +16:00
    19:21:51.597,    +20:03:20.8
    19:21:44.815,    21:53:02.25
    19:21:56,    +42:25
    19:22:53.2180,    +17:33:23.47
    19:22,    +58:28
    19:23:07.85,    +17:06:09.4
    19:23:22.49331,    +25:15:40.6164
    19:24,    +16:28
    19:24:54.88,    +16:31:48.8
    19:24:03.1115,    +16:39:40.756
    19:24,    +17:00
    19:24:40,    +20:40:03
    19:25:06,    -16:01:00
    19:25,    +17:21
    19:25:26,    +19:04
    19:26:33.740,    07:37:07.2
    19:26:53.835,    -13:14:03.8
    19:26,    +16:13
    19:26:22.82,    +19:28:11.7
    19:26:18.064,    +20:16:01.13
    19:27:25.628,    +09:11:05.7
    19:27:10.422,    +18:52:08.5
    19:27:24.97,    +18:56:36.8
    19:27:08.08,    +22:34:57.3
    19:28:20,    15:13
    19:28:42.553,    +17:46:29.62
    19:28:05.163,    +19:23:31.32
    19:29:28,    +00:26
    19:29:18,    +16:21
    19:29:16.78,    +18:44:59.5
    19:29:32,    +19:05
    19:29:17.5713,    +19:55:07.91
    19:29:04.239,    +21:21:22.68
    19:29,    +62:16
    19:30:00.947,    +13:16:11.1
    19:30,    +14:00
    19:30:44,    +17:25
    19:30:29.7156,    -18:51:46.27
    19:30:30.13,    +18:52:14.1
    19:31,    +14:40
    19:31:55.71,    +15:36:57.5
    19:31:55.864,    +19:52:11.5
    19:31:28,    +30:35
    19:32:13.9497,    10:59:32.420
    19:32,    +17:00
    19:32:19.70,    +19:16:39
    19:32:06.150,    -36:55:02.1
    19:33:19.407,    +07:58:07.01
    19:33:22.529,    +13:04:49.97
    19:33,    +17:26
    19:33:32.4272,    -62:11:46.881
    19:34,    +19:00
    19:34:46.19,    +23:52:55.9
    19:35:15,    +12:03
    19:35:47.8259,    +16:16:39.986
    19:35:03.948,    +17:26:28.46
    19:35:29.97,    +17:45:12.2
    19:35:41.941,    +20:25:40.1
    19:34:55.68,    +21:53:48.2
    19:35,    +52:12
    19:36:01.52,    +15:36:36.0
    19:36,    +20:00
    19:36:29,    +21:12
    19:37:09,    -00:17
    19:37:16.31,    +15:05:19
    19:37:47.603,    +29:50:01.8
    19:37:53.46,    06:50:06.0
    19:38:08.34,    +20:10:51.7
    19:38,    +20:12
    19:38:14.180,    +22:13:12.68
    19:39:11,    10:45
    19:39:38.561213,    +21:34:59.12628
    19:40,    +66:12
    19:40,    +22:46
    19:40:35.486,    +23:37:46.5
    19:40:30,    -24:03
    19:41:16.039,    01:21:39.5
    19:41:32.334,    +10:26:25.6
    19:41:04.867,    +13:41:30.4
    19:41:20.80,    +25:25:05.3
    19:41:00.4070,    -26:02:05.75
    19:42,    +43:23
    19:42:01.03,    +17:43:28.3
    19:42,    +81:06
    19:43:29.132,    +06:09:57.6
    19:43:16.4910,    +22:10:23.151
    19:44:09.32895,    +09:07:23.0593
    19:44,    -10:17
    19:44:31.80,    +17:55:42.4
    19:44:01.0707,    +22:36:22.62
    19:45:55,    +07:17
    19:45:36.10,    +18:34:20.1
    19:46:57.829,    -13:12:36.4
    19:46:53.044,    18:05:41.24
    19:46:24.89,    +22:44:59.4
    19:46:00,    23:58
    19:46:49.10,    +25:35:51.5
    19:46:45.81,    +26:11:49.2
    19:46:51.734,    -29:13:47.1
    19:46:25.13182,    +34:17:14.677
    19:46:24,    -54:02
    19:47:46.22,    +09:15:08.0
    19:47:36,    +10:44
    19:47:19.435,    +19:57:08.39
    19:47:06,    -42:15
    19:48:17.579,    +25:51:51.95
    19:48:25.0067,    35:40:11.057
    19:49:07.32,    +23:06:55.5
    19:49:29.63851,    +31:06:03.8289
    19:50:58,    +05:35
    19:50:45.06390,    +24:14:56.9638
    19:51:08.25,    +11:23:25.2
    19:52:36.8401,    +26:30:28.073
    19:52:58.206,    +32:52:40.51
    19:53:47.47,    +11:49:42.6
    19:53:46,    +18:46:42
    19:53:07.80,    +27:32:48.2
    19:53,    +67:02
    19:54:19.15,    +28:36:06
    19:54:22.554,    29:23:17.29
    19:55,    +43:50
    19:55:59.39523,    +25:27:03.443
    19:55:27.87569,    +29:08:43.4563
    19:55:18.7637,    50:59:55.292
    19:56:52.26,    +08:38:16.8
    19:56,    -27:53
    19:57,    +25:16
    19:57:38.9,    +50:33:18
    19:58:40.07,    +28:45:54
    19:59:36.76988,    +20:48:15.1222
    19:59:38.03,    +36:20:29.1
    20:02,    +42:43
    20:02:47.77,    +16:37:16.7
    20:02:58,    +30:35
    20:04:46.97,    +34:29:17.7
    20:05:17.493,    +35:47:25.4
    20:05:47.50,    +35:52:24.3
    20:06:11.0,    +31:02:03
    20:07:13.5,    +08:09:33
    20:07:58.1031,    +09:10:12.93
    20:07,    +20:21
    20:07:15.8288,    27:22:47.914
    20:07:09.012,    +31:20:51.54
    20:08:35.482,    +25:13:30.36
    20:09:49.16,    +33:26:10.2
    20:10:45.920937,    -13:23:56.0755
    20:10:05.068,    +28:45:29.17
    20:10:26.50,    +32:30:07.3
    20:11:04.926,    +33:31:24.64
    20:12:46.6,    -20:29:31
    20:13:17.7507,    -06:49:05.39
    20:13:34.253,    +30:58:50.69
    20:13:10.367,    38:45:43.31
    20:15:12.70,    +25:24:31.3
    20:16:57.44349,    19:47:51.5882
    20:17:22.70503,    +06:03:05.5686
    20:17:28.938,    +20:43:31.90
    20:18,    +59:13
    20:18:03.8333,    28:39:54.212
    20:18:53.196,    +34:31:00.51
    20:19:31.94900,    +24:25:15.3038
    20:21:05.46,    +36:51:04.8
    20:21:29.99,    +40:26:45.1
    20:22:37.0671,    28:54:23.104
    20:22:21.689,    +38:42:14.82
    20:22:49.8730,    51:54:50.233
    20:24,48
    20:27:16.690,    +21:46:04.43
    20:27:16.233,    +45:57:57.08
    20:28,    +74:47
    20:28:19.860,    +33:32:04.36
    20:30:00.261,    +36:41:27.15
    20:30:51.35,    +44:15:38.1
    20:30,55
    20:32:13.107,    +41:27:24.36
    20:33:31.11,    00:42:22.0
    20:33:27.51720,    17:34:58.6380
    20:33:55.4,    -19:38:59
    20:36:46.363,    +28:35:10.44
    20:37:14.54,    +19:42:54.3
    20:38,35
    20:38:54.19,    -38:16:11.9
    20:40:17.865,    +16:57:30.46
    20:43:20.882230,    +17:11:28.92694
    20:43:43.5,    +27:40:56
    20:43,    +70:45
    20:44:58.8,    +46:14:54
    20:45:47.3438,    +09:12:29.16
    20:46:00.157,    -04:21:26.0
    20:46:39.349,    15:40:33.61
    20:47,    +10:53
    20:47:54.6400,    +50:29:38.17
    20:48:35.640637,    -16:16:44.55350
    20:48:45.868,    +22:55:05.31
    20:50:00,    +13:01
    20:51:07.5145,    -08:27:37.795
    20:53:47.14,    -72:00:42.2
    20:55:48.8,    +25:40:02
    20:55:31.3521,    +36:30:21.469
    21:02,38
    21:06,    +28:29
    21:05:12.93,    +62:23:05.5
    21:08:30.49,    -34:29:37.9
    21:08:20.482,    44:41:48.87
    21:11:33.13,    21:06:07.0
    21:11,40
    21:11:24.13,    +46:06:31.3
    21:13:04.3895,    27:54:02.29
    21:14,    +67:02
    21:16:13.752,    14:14:21.04
    21:23,    +54:33
    21:24:43.849372,    -33:58:44.8500
    21:27:31.28,    -66:48:28.1
    21:29,    -04:00
    21:29:58.246512,    +12:10:01.2339
    21:29:58.632,    +12:10:00.31
    21:30:01.2042,    +12:10:38.209
    21:29:58.274,    +12:09:59.74
    21:29:58.187,    +12:10:08.63
    21:29:57.178,    +12:10:02.91
    21:29:57.95,    +12:09:57.3
    21:29:58.184,    +12:09:59.43
    21:29:22.766966,    -57:21:14.21183
    21:36:00.22,    -16:06:13.0
    21:37,    +64:19
    21:38,    +49:11
    21:39:42,    +00:36
    21:39:26.90,    22:42:42.0
    21:39:55.95,    +47:16:13
    21:40:22.40610,    -23:10:48.7936
    21:40:22,    -23:10:47
    21:43:3.38,    +06:54:17.53
    21:44:12.060404,    -39:33:56.88504
    21:44:39.20,    -52:37:32.1
    21:45:50.46148,    -07:50:18.4759
    21:49:58.59,    +63:29:43.5
    21:51:28.9,    23:15:12.8
    21:55:15.82,    28:13:12.1
    21:55:01.4,    -56:41:57
    21:56:23.704,    +26:18:30.47
    21:57:01.8495,    +40:17:45.986
    22:03,50
    22:04:40,    +27:02:00
    22:05:17.247,    +14:44:31.3
    22:06:18.119,    +61:51:58.10
    22:07,    +40:57
    22:08:23.72,    +55:00:08.41
    22:11,    +57:29
    22:13,53
    22:14:38.85097,    +30:00:38.1976
    22:15:39.653,    +15:38:34.88
    22:15:32.6884,    51:35:36.340
    22:16:05.22,    +57:59:53.7
    22:17:55.03,    +57:33:04.0
    22:19:48.139,    47:54:53.93
    22:22:05.969101,    -01:37:15.72441
    22:22,56
    22:24:48,    +35:30
    22:25:52.721,    +65:35:35.58
    22:27:30,    30:36
    22:29:50.8864,    26:43:57.785
    22:29:05.28,    +61:14:09.3
    22:29,    +64:58
    22:34:22,    +06:11:00
    22:34:56.64,    +21:14:18.8
    22:35:43.7001,    +15:06:49.060
    22:36:51.8510,    -55:27:48.833
    22:38:28.27,    +59:03:40.8
    22:38,    +60:21
    22:40:42.939,    +58:32:37.52
    22:41:42.01850,    -52:36:36.2260
    22:43:09.768,    15:18:25.11
    22:44,    +69:40
    22:44,63
    22:53:14.533,    +15:16:37.83
    22:56:56.39,    -10:24:34.37
    23:01:08.29,    58:52:44.45
    23:02:46.97878,    +44:42:22.0927
    23:02:11.20,    60:28:00.22
    23:05:58.324,    31:00:01.76
    23:05:55.842,    +47:07:45.32
    23:07:41.288,    +22:25:50.12
    23:08:13.822,    55:47:36.03
    23:11,    +67:05
    23:13:08.6209,    +42:53:13.043
    23:15,58
    23:17,    +69:12
    23:17:09.236644,    +14:39:31.2555
    23:19:35.210,    +64:11:25.755
    23:22:22.35595,    +20:57:02.939
    23:24:26.98,    -60:54:06.1
    23:25:15.3,    -05:30:39
    23:26,61
    23:29:50,    +16:57
    23:30:26.885,    -20:05:29.63
    23:33:19.448,    +61:45:30.09
    23:37:05.762,    +61:51:01.53
    23:39:38.74,    -05:33:05.32
    23:40:45,    08:33:00
    23:43,    +62:21
    23:52,65
    23:54,    +85:34
    23:54:04.724,    61:55:46.79
