1.520000,18.583056
1.757083,73.052056
3.573958,47.775944
5.820330,9.389964
5.959805,-72.075415
6.057831,-72.078845
6.046265,-72.088927
6.016058,-72.078557
6.033161,-72.077692
6.027923,-72.068554
6.033054,-72.077686
5.997531,-72.066331
6.015713,-72.082476
5.977032,-72.091872
6.038277,-72.074689
6.019380,-72.081599
6.023625,-72.081283
6.068705,-72.073654
6.023625,-72.081283
6.016575,-72.078428
6.035617,-72.077479
6.040980,-72.066577
6.023625,-72.081283
6.025292,-72.080283
6.023625,-72.081283
6.023625,-72.081283
6.023625,-72.081283
6.710671,63.333575
8.250000,57.000000
8.250000,61.000000
8.536960,-7.364836
8.500000,69.716667
11.357042,-70.701972
11.396500,-73.317500
12.875417,4.380278
13.250000,69.650000
13.500000,66.000000
13.616667,69.433333
14.433333,-72.021944
14.500000,61.416667
14.750000,50.033333
15.179292,-72.192667
15.296318,-64.375047
15.750000,48.000000
15.904167,54.033333
16.604417,48.931056
17.034779,-14.530608
17.869875,-71.529667
18.000000,66.366667
18.296208,-72.342278
21.500000,62.583333
22.868792,-73.169261
23.385250,-69.958244
24.000000,63.700000
24.349500,16.911694
24.910667,56.360222
24.832250,58.242172
25.250000,63.133333
26.593417,61.750778
26.936024,59.367581
27.844587,-6.584111
28.098875,9.802778
28.045223,-16.631386
29.620833,21.133333
30.422267,70.088364
31.408010,64.828148
31.505283,-40.467869
32.995833,-81.993389
33.217500,52.379167
33.730297,52.378042
34.526494,42.538160
37.262500,20.966667
40.441667,16.066667
40.645833,62.947222
40.750000,60.450000
41.212500,14.450000
42.077571,60.359644
43.984254,-53.072600
46.137979,19.547611
47.000000,74.000000
50.860908,39.748028
51.231083,52.658694
51.500000,67.816667
52.285625,16.900556
53.247367,54.578769
53.187500,79.166667
54.432608,17.254119
54.750000,66.733333
55.097034,41.512581
55.250000,57.183333
55.866417,-30.007639
57.181829,4.536516
59.468750,32.090278
59.500000,42.100000
59.723819,54.220480
59.500000,66.666667
60.465333,-76.137167
61.625342,61.644733
61.978912,16.121222
62.000000,55.000000
62.000000,55.000000
62.662500,-31.124722
63.250000,58.000000
64.429167,35.750000
64.250000,61.133333
64.517500,-41.903000
64.641112,57.539697
64.750000,44.000000
65.008125,-50.380028
66.528388,49.560683
68.891667,27.733333
69.316234,-47.252531
71.750000,-4.583333
72.273625,-70.525472
72.536587,-12.801972
72.958333,-67.300000
73.142107,-17.989825
73.439224,15.989252
73.532294,55.728177
73.948125,-69.859528
74.125000,-69.166667
74.010417,-70.518500
74.275000,23.566667
74.282458,-63.625111
74.258333,-69.766667
74.654671,-5.084750
74.745833,-67.716667
75.278167,45.276089
75.519004,46.901692
75.710542,-66.299667
77.350000,8.950000
77.495833,38.200000
77.985417,-65.143472
78.527886,-40.046916
78.716000,-44.118472
79.291667,22.266667
79.750000,44.000000
80.000000,54.416667
79.945487,-69.539856
80.433333,-68.583333
80.596083,-68.783944
81.485201,11.255300
81.503750,-66.076750
82.217767,22.001111
82.462167,-66.877278
83.247958,-66.660361
83.016667,-69.766667
83.357583,4.033472
83.250000,67.000000
83.633221,22.014461
83.650708,-67.063556
83.916667,-66.866667
83.750000,-69.583333
84.128292,-75.732417
84.429167,-69.350000
84.447567,-69.172189
84.604405,28.285878
85.154650,32.127028
85.046675,-69.331714
85.128333,-71.425389
85.645833,-68.266667
85.790250,23.484722
85.969625,-68.857028
86.250000,-3.166667
86.619833,24.689167
88.520875,31.128056
88.750000,39.800000
88.757708,-70.946000
89.381038,15.835013
90.193750,-57.948333
90.495759,-5.464044
91.250000,37.000000
92.204167,0.650000
92.495359,21.500789
92.556634,-21.007782
92.750000,37.300000
92.816667,30.266667
93.433231,-2.013114
93.300625,37.527306
93.571500,22.510000
93.543116,-33.498366
93.500000,83.233333
95.296754,3.612644
95.342129,10.044095
95.250000,25.000000
95.543792,37.820444
95.944829,3.668556
96.437500,10.266667
96.973453,6.831703
96.934062,7.109250
96.804167,16.200000
97.150762,9.153861
97.273867,24.262028
97.612317,-0.768292
97.705852,-28.578550
97.864683,10.617361
98.434208,6.543028
98.475637,17.770252
98.286917,-20.251972
98.825000,5.553056
99.140600,-45.825728
99.020194,51.483323
101.496175,51.970811
101.500000,80.150000
101.629146,9.097028
101.815333,9.233194
103.046275,-1.708417
103.312875,80.866728
104.125863,-22.473764
104.204125,-54.820811
104.563371,0.376472
104.950558,14.239306
105.157508,64.303111
105.663750,-49.942833
107.385554,-59.398778
107.900750,9.523611
107.975788,-68.513171
109.780750,-25.750064
110.104008,-31.430579
110.428770,-20.635295
111.533833,-26.210583
112.318542,-14.810222
113.352500,-23.765611
113.500000,-15.983333
113.841667,-62.966667
114.433629,-22.034811
114.463535,-30.661310
114.463535,-30.661310
114.250000,69.233333
114.634704,-40.711372
115.250000,41.066667
115.704408,-28.378822
115.500000,66.333333
116.259583,-53.856111
116.747992,-45.490736
116.500000,66.600000
117.456979,-42.795039
117.500000,57.000000
118.669533,32.532278
119.621128,-15.469094
121.092500,-36.793194
121.520833,8.283333
121.597500,-41.375250
121.946604,-54.357350
122.048458,-39.631361
122.432875,-47.898650
123.061675,-39.096922
123.747917,74.484917
123.786567,9.664083
124.705417,-30.825278
124.608063,-32.541814
125.109924,-13.848850
125.249717,-38.445244
125.204625,-39.365472
125.064375,-41.243444
125.435983,-42.357072
125.489022,-43.004743
125.790700,1.986781
126.066667,0.450000
126.714097,26.623275
127.885125,-44.103306
128.567917,-41.997500
128.708333,-60.583333
128.762833,-37.130972
128.904167,-42.543611
128.835881,-45.176354
129.273508,6.170711
129.433333,-24.796667
129.338258,-41.587325
129.578338,-26.358208
129.628333,-39.789444
130.141167,-53.543194
130.522375,-48.855778
130.890917,7.313278
130.791183,-50.378639
131.988875,-43.282444
132.220833,16.716667
132.427458,-63.376389
133.900750,-46.737056
133.831542,-46.972944
134.247125,-61.631472
134.479829,-44.402867
135.183140,-31.741917
135.417167,-46.413472
135.635000,-63.420000
136.246667,-42.770556
136.045000,-74.995222
136.349583,-45.614722
136.466342,-51.463531
136.313521,-60.322794
136.816250,-51.966458
137.159093,-17.660464
137.148042,-49.218472
137.400000,-72.202333
137.500000,77.466667
138.177917,-38.850833
139.866125,-60.680667
140.558425,6.639806
140.562338,-49.820022
140.500000,-52.000000
140.991667,-31.950000
141.036208,-53.045611
141.129167,-58.235111
141.904167,23.783333
142.183333,6.233333
142.829658,-19.048615
143.163125,-32.287278
143.095250,-53.453056
143.742500,-41.905417
143.617917,-52.824222
145.242583,-54.477944
145.408333,-39.683333
145.421446,-52.734578
145.565958,-55.881194
145.726925,-56.962067
145.875417,16.526944
145.854167,22.933333
145.750000,41.150000
146.120650,-13.911564
146.409392,-48.554028
146.531667,9.865278
146.841667,27.700000
147.335696,-69.044889
148.071667,-38.652833
148.288790,7.926597
148.525167,-54.514861
148.872917,-53.071306
148.750000,-61.800000
149.250000,-6.283333
149.483375,-54.534417
149.859417,-48.163194
150.117254,-51.832811
150.408250,-55.118528
150.285833,-55.983389
150.384292,-59.654944
150.741250,-55.993611
150.585417,-59.327000
150.839917,-47.783889
151.652500,-63.194778
152.500000,15.850000
153.029167,-42.583333
153.139309,53.117389
153.228750,-58.507111
153.202083,-58.961111
153.382725,-59.574083
153.575000,-48.828333
153.908167,-57.320222
154.130000,-53.753833
154.050417,-58.316986
154.088167,-58.953361
154.303583,-56.358528
154.463868,-71.944902
154.967250,-57.818306
155.058458,-59.359444
155.047500,-60.435222
155.353417,-56.030806
155.741670,10.031325
155.617083,-58.225000
155.948697,0.644679
155.762083,-57.768056
156.161161,-7.322047
157.116667,-58.318111
157.759333,-61.297389
158.115375,-52.102361
158.029167,-59.166667
158.762833,-63.755114
159.054471,-49.439381
159.083500,-65.985908
159.000000,-83.283333
159.612221,0.545444
159.582083,-58.524217
160.400817,-19.703781
160.502542,-55.351528
160.980375,-61.280778
161.136667,-57.622028
161.459112,-45.165034
161.680125,3.068583
161.578625,-58.231056
161.983333,-58.683333
161.867842,-67.164185
162.050833,-58.534944
162.459750,-58.562389
162.529667,-59.889278
163.158792,-59.912250
163.222458,-63.804611
163.740625,-59.720583
163.626917,-59.775278
163.536833,-64.877083
163.952083,-60.381111
163.913292,-60.477083
163.977542,-62.613417
163.936292,-69.086500
164.182458,-57.159583
164.106458,-62.979889
164.191583,-71.298165
164.471408,-47.916000
164.495688,-52.448961
164.364167,-79.240056
164.642708,-59.960111
164.753750,-57.703944
165.437333,-61.027667
165.404968,-64.410926
165.500000,65.116667
165.888725,-54.062012
165.881167,-60.426775
166.071925,-61.051078
166.350000,-43.950278
166.359042,-61.130944
166.618500,-64.650000
166.893583,-59.121861
166.994583,-59.784444
166.801250,-61.733056
167.501667,-56.625806
167.750000,58.866667
168.061708,-61.058639
168.160542,-66.218000
168.212500,-69.441944
168.593833,-61.009500
168.910000,50.503414
168.973667,-60.871611
169.179525,-41.378878
169.349208,-61.906111
169.437500,-64.799444
169.809583,-61.463750
169.920000,-79.608417
170.093333,-36.308944
170.329954,-54.734861
171.491667,78.383333
170.815213,-48.739653
170.923750,-61.035056
170.981454,-62.986317
170.967542,-66.863631
171.000000,-36.000000
171.235292,-56.644361
171.162500,-59.271944
171.247917,-64.354722
171.434857,-58.421355
171.480075,-60.235169
171.500000,-27.616667
171.719200,-60.911100
171.590292,-69.704250
172.194583,-62.319167
172.337500,-53.516667
172.568042,-58.433972
172.543500,-59.426139
172.632971,-68.124589
173.137500,-46.918333
173.065583,-56.458028
173.464375,-62.847389
173.983333,-49.425278
173.750000,-60.916667
174.013532,15.851244
174.009042,-55.418972
174.383704,-67.009169
174.590083,-62.133139
175.356788,-31.131278
175.279225,-65.755309
175.500000,1.316667
175.718750,-62.501083
175.812771,-51.977747
175.790792,-55.601250
176.145000,-61.780278
176.008792,-62.291750
176.532250,-60.516500
176.750000,-66.000000
177.118875,-57.420167
177.157500,-64.259167
177.986917,-61.138222
178.041667,-58.009444
178.224167,-60.205833
178.250000,-21.300000
178.583750,-62.834083
179.031042,-57.117194
179.089583,-59.153417
179.284025,-51.215594
179.313500,-62.414131
179.840417,-64.165833
179.898792,-79.168222
180.345875,-63.116528
180.618346,-58.342611
181.153000,-68.721442
181.840875,-50.841750
182.503792,-52.441222
182.524950,-55.984422
182.675000,-65.834611
182.850750,-63.412556
183.535083,-58.507194
183.752583,-53.475444
184.083333,-50.450278
184.174542,-62.399389
184.030582,-64.169229
185.074417,-63.312917
185.717917,-57.638889
186.184375,-62.144750
186.092438,-64.131642
186.432612,-55.945317
186.369292,-60.593778
186.428333,-64.145278
186.708333,-32.450000
186.994683,-48.895206
186.751839,-62.145497
186.800000,-63.150000
187.797138,-14.195453
187.940667,-46.162556
187.804167,-63.055000
188.079583,-47.714139
188.074333,-65.017592
188.381250,-63.208056
188.416250,-63.748611
188.829167,-55.266667
188.990500,-63.908444
189.246458,-50.560083
189.357917,-67.426083
189.918589,24.897025
189.995833,-68.541028
190.073375,-41.414361
190.897417,-57.595222
190.821492,-64.389958
191.047833,-50.889056
191.198721,-63.996500
191.159583,-65.520000
191.338000,-62.648861
191.658333,22.883333
192.193167,-63.736000
192.136958,-64.733333
192.476333,-65.122167
192.970583,-74.120844
193.177583,-63.242417
193.368092,-58.344692
193.635333,-61.847444
193.978583,-61.519472
193.825000,-62.800000
194.844583,-67.694444
195.014903,12.682353
195.409417,8.565972
195.440667,-63.092750
195.367917,-63.177917
195.500000,-32.000000
195.516667,-63.748056
195.580000,-63.224722
195.698511,-63.835740
195.750083,-63.083556
196.337083,-62.056000
196.366667,-62.944167
196.348750,-64.923972
196.400000,-66.650000
196.685833,-62.700833
196.659125,-66.289389
196.977917,-63.309722
196.920833,-67.057500
197.201125,21.451883
197.185788,-46.841583
197.087833,-58.737167
197.319167,-64.266389
197.251208,-65.437944
197.940517,-34.508431
198.000000,0.850000
198.229167,18.166667
198.019167,-54.045000
198.224292,-55.279750
198.029833,-64.015444
198.345833,9.532222
198.597500,-61.021111
199.192917,-62.536722
199.442875,-57.991806
199.436208,-63.047833
199.834542,-60.946297
199.859667,-61.090611
200.052833,-35.207222
200.224675,-53.985106
200.000000,67.500000
200.414833,-59.381139
200.442417,83.394144
200.725000,-62.850000
200.633958,-62.698194
200.575000,-63.493611
201.182917,-61.766667
201.056875,-63.039194
201.742792,-58.991417
201.635833,-64.145556
201.513333,-67.014167
201.989950,-7.924944
201.822500,-62.379056
201.781125,-63.020942
201.792792,-64.003639
202.026800,-43.962256
202.139917,-49.359278
202.263750,-61.983056
202.750042,-52.757056
203.000000,-3.433333
203.436788,-44.823950
203.625455,-58.654596
203.900000,-36.700000
204.334792,-63.106472
204.382846,-64.384699
204.538958,-62.071861
204.985786,-47.201533
204.985833,-66.302167
205.001333,-64.945250
205.280708,-60.392972
205.427625,-62.339083
205.545833,28.375556
205.546196,28.377817
205.545833,28.375556
205.542500,28.376667
206.165000,-60.991944
206.435125,-61.258500
206.593125,-49.302000
206.830750,-59.794389
207.176667,-63.117778
207.402708,-61.504750
207.325000,-63.933333
207.567158,-51.256881
208.143542,-68.060306
208.645833,-62.825000
208.994500,-51.898278
208.903958,-57.787500
208.996292,-59.416917
208.838917,-62.105583
209.210658,-55.353600
209.354167,-62.466667
209.260125,-64.491722
209.675000,-25.550000
209.992583,-60.635556
210.126417,-14.637333
210.190375,-63.428500
210.468667,-63.962650
210.737500,-51.400000
210.808333,-63.174167
210.767083,-76.782639
211.166667,12.050000
211.339273,-46.933975
211.301708,-56.690056
211.505000,-58.108889
211.708500,-61.357750
211.994333,-60.816333
211.985417,-61.899722
212.320417,-69.892889
212.600000,-61.533333
212.530708,-74.081478
213.248417,-61.191806
213.032042,-61.758000
213.232667,79.367694
213.291125,-61.686944
213.374583,-62.093889
213.272792,-62.374389
213.380483,-63.126514
213.607083,-68.049444
213.880292,-66.353389
214.185833,-50.554722
214.127458,-60.633194
214.709513,-39.355142
214.634583,-59.750000
214.677917,-60.963611
215.121250,-54.273056
215.012758,-56.431944
215.034321,-60.804564
215.612792,-61.641111
215.861625,-69.895228
216.053167,-55.937194
216.095833,-56.679722
216.133792,-58.382222
216.246667,-64.636111
216.402333,-57.391889
216.496292,-57.986167
216.282083,-62.168028
216.961542,-41.982306
217.109571,-55.513944
217.494167,-59.193500
217.357917,-59.599694
217.670300,-66.384733
217.935907,-47.257659
217.764564,-57.669908
218.217792,-50.538139
218.304917,-60.642972
218.522083,-60.108056
218.662917,-60.496944
218.498904,72.957364
218.751500,-59.913667
218.834485,-61.016099
219.257958,-59.983722
219.313792,-61.767222
219.915592,-55.023228
219.750000,76.916667
220.130446,-63.746556
220.434583,-61.623333
220.862375,-51.373889
221.193750,-59.688611
221.025083,-60.435944
221.648808,-47.024102
222.355958,-58.777889
223.219083,-58.853694
223.216242,-60.608708
223.440490,19.036729
223.386404,-64.220997
223.545450,-58.776317
223.949878,-33.512884
223.775000,-59.383333
224.000658,-68.727569
224.417458,-51.381389
224.412500,-59.014167
224.382917,-59.034444
224.874958,-60.889083
225.437316,-0.773200
225.462500,-56.630000
225.739121,-56.894225
225.682500,-58.478333
225.624333,-61.480639
225.577562,-67.871322
225.977500,21.185917
226.204750,-56.358889
226.664583,-51.969444
226.892417,-43.867556
226.952750,-66.682528
227.356791,55.525665
227.363042,-58.848917
227.281250,-60.255167
227.703750,-44.368611
227.963783,-54.244528
227.779167,-58.591111
228.023750,-54.521944
228.179275,-57.999944
228.495792,-57.650389
228.481750,-59.135833
228.436583,-59.775528
228.560667,-48.572083
228.579642,-49.770977
228.746250,-59.428694
228.788750,-57.346944
229.363917,-43.938306
229.372400,-46.600167
229.638823,2.090986
229.631075,2.087631
229.636620,2.079949
229.641667,2.082778
229.641667,2.082778
229.746293,-6.452139
229.569996,49.076181
229.556250,-54.262500
229.948292,-57.570444
229.899208,-61.115167
229.789833,-63.138750
230.527917,-55.421528
230.522083,-57.583333
230.676125,-58.484083
231.207750,-56.423167
231.089292,-57.109722
231.102708,-58.320583
231.368125,-54.288889
231.400267,-55.390889
231.367225,-55.763845
231.422708,-56.086944
231.671667,-56.561944
231.995542,-39.526389
231.920417,-55.868611
232.145643,-31.768566
232.033471,-41.158000
232.163250,-55.789722
232.312944,-38.479403
232.490000,-53.926667
232.399167,-56.191389
232.611958,-53.465639
232.716667,-63.725833
232.783542,-40.208583
232.866292,-56.181944
233.147917,-53.135000
233.075000,-56.533333
233.716667,-44.469278
233.533333,-46.233333
233.534875,-53.572028
233.639958,-54.094361
233.821125,-41.234194
233.983000,-44.252333
233.992750,-54.840556
233.819833,-58.807694
234.072425,-36.049667
234.000000,-49.800000
234.020083,-54.554167
234.073833,-59.117667
234.291507,11.932065
234.367500,-49.200833
234.315542,-51.885000
234.462500,-56.751111
234.525292,23.751111
234.703958,-54.638056
234.670125,-55.329444
234.687625,-55.860250
234.680375,-56.365417
234.523750,-56.636667
234.575750,-57.541472
234.535042,-57.838083
234.920167,-48.482500
234.783208,-55.353111
234.808167,-56.440389
234.852917,-63.381444
235.245917,-57.615833
235.479167,-42.313889
235.456667,-55.583611
235.689462,-50.567056
235.583042,-51.559722
235.727125,-53.061389
235.875658,-6.345903
235.911771,9.487872
235.992708,-50.232778
235.933958,-51.831857
235.984375,-54.987139
236.018697,49.632015
236.249350,-53.146250
236.483108,-45.843758
236.514333,-37.786139
236.530833,-53.039722
236.500000,-59.000000
236.941908,-9.735500
236.877500,-57.841500
236.895792,-58.652722
237.096917,-48.363806
237.081125,-49.461222
237.183458,-56.126083
237.420588,21.224139
237.338142,-48.810400
237.270833,-57.360278
237.449583,-57.367222
237.512292,-52.701944
237.520000,-53.289167
237.725516,-54.306698
237.780063,-6.968472
237.950083,-44.411667
237.921875,-53.183222
238.055295,-49.630484
238.158333,-62.241944
238.498333,-54.935000
238.613125,-52.160639
238.668750,-55.209167
238.917071,-5.265944
238.824800,-31.572250
239.214583,-53.981944
239.251075,-42.970183
239.672708,-54.323889
239.627208,-57.940583
239.923026,-44.646084
239.838750,-55.761111
240.216264,-30.897046
240.220963,-50.739156
240.083042,-57.854083
240.145833,-59.283056
240.350000,-50.383333
240.363750,-52.735833
240.478792,-53.595333
240.575833,-49.958889
240.578333,-51.000556
240.973737,-35.665861
240.881083,-56.962275
240.898656,-72.042425
241.133333,-44.716667
241.122542,-47.313306
241.095829,-49.166206
241.121571,-72.058461
241.327167,32.821667
241.329167,-52.263333
241.317917,-52.959444
241.800431,-0.544675
241.955417,-51.671111
241.952963,-64.828633
242.272292,-19.502222
242.421375,-46.272917
242.361250,-51.971667
242.545833,-17.833333
242.684583,-50.111722
242.553417,-53.063611
242.750000,-1.466667
242.761250,-48.194167
242.944292,-49.832556
242.763333,-52.156556
242.963804,-58.795092
243.097633,20.138425
243.108583,-24.134444
243.225000,-49.450000
243.002500,-51.615000
243.025000,-55.150000
243.115900,-58.091444
243.370958,-47.240500
243.426917,-52.189167
243.489542,-52.571389
243.500000,-23.250000
243.679167,-38.770833
243.630112,-39.624667
243.547042,-50.800972
243.690417,-51.746944
243.709917,-54.046389
243.754963,-54.742333
243.918458,-55.616806
244.124542,-50.287472
244.128750,-51.154722
244.097500,-52.146667
244.347417,-42.283056
244.396271,-46.143472
244.372083,-50.920333
244.625000,-39.316667
244.528333,-47.388639
244.775000,-42.033333
245.173000,-49.460306
245.060167,-54.247694
245.269625,-50.663500
245.482500,-52.728889
245.519083,-37.853861
245.689450,-43.541167
245.625250,-43.789278
245.696625,-48.036972
245.522708,-48.774722
245.656250,-49.741667
245.686667,-49.848444
245.515284,-66.288049
245.927921,-8.693444
245.909257,-26.531602
245.951417,-42.947778
245.978333,-49.817778
246.089004,-44.192722
246.077917,-46.217222
246.228708,-47.357500
246.293042,-40.805972
246.325208,-49.076000
246.318375,-49.229056
246.750000,-44.366667
246.704083,-45.623778
246.677083,-48.131667
246.528546,-66.354242
246.828162,14.322417
246.869792,-47.113944
246.793083,-48.752222
246.925000,-49.900000
246.875000,-51.133333
246.837833,-55.797889
246.969125,-59.615361
246.750000,86.900000
247.029167,-32.096917
247.111792,-48.083056
247.128750,-48.478333
247.399208,-36.603611
247.250000,43.983333
247.286544,-69.045915
247.500000,37.000000
247.510292,-47.328333
247.656125,-47.551389
247.968625,-16.214444
247.826375,-41.917694
248.225833,-10.221667
248.058333,-45.152500
248.207554,-46.363500
248.069667,-47.959528
248.165583,-48.314611
248.480417,-20.169167
248.446033,-44.885500
248.272500,-48.093333
248.250429,-50.252250
248.625000,-49.866667
248.520792,-51.129333
248.579875,-56.680194
248.947333,-15.197778
248.966667,-26.271389
248.980833,-45.224167
248.966017,-47.589808
248.980833,-49.743333
248.787833,-59.911389
249.068875,-44.673611
249.133333,-48.065278
249.229792,-49.552778
249.486667,-43.595000
249.471458,-44.840639
249.494625,-45.890917
249.400000,-46.216667
249.307375,-46.704167
249.297500,-47.350833
249.494500,-48.270000
249.655621,-38.250944
249.564833,-39.866389
249.629167,-42.565556
249.720333,-43.734444
249.575000,-44.666667
249.692587,-44.284333
249.595750,-46.136556
249.553917,-47.425556
249.749833,-52.449278
249.778542,-43.997778
249.838337,-46.075861
250.069770,22.402456
250.181333,-46.526500
250.198417,-46.812500
250.054958,-47.259806
250.181500,-49.850583
250.325167,-23.793333
250.420333,36.454289
250.420833,36.460278
250.420833,36.460278
250.420833,36.460278
250.420833,36.460278
250.909004,-12.416300
250.904042,-45.096111
250.835000,-45.366944
250.806333,-45.848472
251.150000,-44.166667
251.205337,-45.985972
251.025000,-46.433333
251.160417,-46.960556
251.258506,-3.299533
251.393396,10.204456
251.575542,-21.702500
251.730417,-43.135278
251.713750,-43.777222
251.651458,-51.387389
251.728333,-68.530833
251.943792,-36.117778
251.792500,-45.871333
252.000000,66.066667
252.025292,-32.944667
252.054167,-44.973889
252.091750,-46.187778
252.213458,-60.740417
252.434292,25.551944
252.450925,-38.099750
252.277833,-39.595611
252.335083,-43.822833
252.352083,-46.885833
252.326125,-47.498056
252.379583,-55.894444
252.500000,80.750000
252.554892,-41.442722
252.686167,-43.691889
252.634583,-45.043694
252.646250,-49.351078
252.953292,-42.769722
252.988333,-45.319722
252.929042,-52.382833
252.921667,-52.930000
252.782792,-76.710972
253.069488,-14.007611
253.012792,26.861222
253.247917,-44.101389
253.225000,-48.750000
253.379292,-20.915306
253.415825,-38.639111
253.392625,-40.500389
253.417583,-42.817583
253.373750,-43.250278
253.486250,-48.914167
253.512500,-23.583333
253.685108,-37.182528
253.597917,-41.673333
253.592000,-42.760833
253.852208,-30.811667
253.911083,-38.735833
254.137312,-36.366583
254.403042,-44.538889
254.569167,-43.113889
254.600000,-47.200000
254.728833,-49.982889
254.663932,-53.401945
254.984917,-43.268333
254.914333,-44.650278
255.205500,-36.198056
255.092792,-39.316672
255.160625,-40.210722
255.223625,-44.374167
255.094000,-49.654167
255.302123,-30.108381
255.302782,-30.113623
255.303608,-30.116504
255.306513,-30.111822
255.305306,-30.113025
255.303426,-30.114394
255.431304,-31.510194
255.327250,-37.440278
255.371475,-45.563528
255.303458,-49.975833
255.559833,-39.544444
255.718833,-41.480056
255.651833,-42.283667
255.613708,-43.112222
255.612250,-43.177778
255.719167,-44.467500
255.858333,-38.200000
255.835792,-44.711667
255.976667,-48.865500
256.061667,-60.281667
256.250000,-4.683333
256.426513,-34.395881
256.404583,-39.608056
256.374333,-39.849722
256.335000,-41.145556
256.399642,-43.520444
256.458333,-52.604722
256.313750,-61.587500
256.588750,-38.664167
256.518792,-43.172500
256.750000,59.166667
256.540808,-61.303250
256.840533,-40.898917
256.917125,-43.686667
256.922542,-44.288611
256.814779,-47.492917
257.073426,-35.106289
257.149625,-36.689306
257.068750,-38.460000
257.195292,-40.147900
257.053833,-45.380833
257.010417,-75.656389
257.360172,-16.682703
257.274133,23.224403
257.438125,-36.434333
257.316625,-38.688056
257.445833,-43.911944
257.378750,-43.703889
257.422458,-44.019778
257.428033,-44.485622
257.520417,-26.276389
257.625000,-37.500000
257.598958,-41.805278
257.620833,49.333333
257.935208,-38.437222
257.794004,-43.381417
257.971333,-53.837778
258.048792,-27.264722
258.145833,-39.716667
258.145833,-39.716667
258.456388,7.793748
258.259583,-38.741389
258.366667,-39.816667
258.667175,-10.903028
258.523917,-38.175250
258.847750,-32.791667
258.790208,-37.001111
258.907875,-38.990306
258.809583,-39.050556
258.920792,-40.572778
258.793917,-42.915000
259.047333,-37.345556
259.175250,-40.090833
259.184612,-41.185972
259.004621,-47.183583
259.316500,-37.626667
259.326667,-38.784167
259.356458,-39.898611
259.449625,-40.730556
259.258333,-40.725278
259.467583,-41.054722
259.398542,-58.001500
259.577458,-37.237778
259.541667,-37.314722
259.556521,-38.421683
259.550000,-41.116667
259.549583,-45.654417
259.791971,-14.633595
259.904167,-23.485278
259.757175,-40.116528
259.953208,-43.036500
260.238621,-2.206639
260.005417,21.836889
260.093583,-24.774167
260.225000,-36.883333
260.008233,-36.985139
260.444208,-19.663611
260.272901,-24.951767
260.540904,-36.548139
260.746542,-37.201028
260.693821,-44.009222
260.846607,-28.632547
260.992500,-28.880833
260.781583,-36.987194
260.750000,-38.333333
261.186958,-31.817778
261.179167,-35.816667
261.199542,-35.093333
261.107500,-45.004167
261.301171,-7.549778
261.291250,-28.872778
261.425833,-35.771111
261.250417,-38.810000
261.363625,-38.884500
261.422583,-40.719722
261.595833,-0.250000
261.650000,-31.950000
261.531292,-35.499444
261.706708,-36.596000
261.639042,-40.100556
261.879125,-27.650139
261.829167,-29.983333
261.812896,-29.776888
262.192708,-37.552222
262.115333,-40.469444
262.295033,-21.291111
262.590276,-23.075331
262.534500,-29.012778
262.731583,-33.893889
262.525000,-34.800000
262.823374,-18.792407
262.752208,-31.395278
262.809625,-33.379167
262.925429,-47.742933
263.139750,-31.523056
263.029917,-34.434722
263.125000,-35.083333
263.086708,-37.484722
263.208333,-41.480000
263.203583,-41.941556
263.199028,-50.816720
263.357750,-25.553056
263.391250,-28.625833
263.495375,-30.513611
263.480042,-33.367500
263.361475,-37.281833
263.494333,-40.094361
263.251667,-55.261111
263.673333,-24.255556
263.711829,-30.978167
263.612083,-33.555556
263.950417,-2.730000
263.770715,-7.414581
263.987083,-32.971944
264.225000,5.800000
264.189333,-24.963889
264.103042,-28.328333
264.177458,-28.730833
264.011250,-35.198889
264.446301,-8.185802
264.390542,-31.033472
264.267875,-31.622500
264.293792,-33.338889
264.416829,-35.928833
264.724858,3.553019
264.536667,-23.513056
264.520958,-26.796111
264.560950,-27.607167
264.717667,-29.930833
264.697500,-31.128889
264.643542,-33.267111
264.824858,6.207889
264.990921,-13.221833
264.915833,-30.386667
264.846750,-30.827778
264.952833,-31.996944
264.909375,-39.866750
265.108125,10.001750
265.030606,13.199081
265.188833,-25.671944
265.140917,-30.262083
265.208337,-30.867861
265.107167,-33.464861
265.185788,-53.678028
265.379772,13.862258
265.278625,-20.323333
265.488458,-20.899167
265.396083,-27.323056
265.255583,-27.564167
265.472958,27.969167
265.310292,-29.759722
265.279333,-30.275278
265.475000,-34.316667
265.325337,-39.460556
265.518458,-39.956111
265.608750,-46.281528
265.833833,-24.715278
265.814854,-31.884806
265.775000,-35.533333
265.771762,-42.200667
266.122524,-11.581856
266.068892,-16.176611
266.201958,-23.598611
266.023675,-31.501111
266.011146,-39.372528
266.162167,-53.630833
266.258583,-1.488361
266.288062,-9.877689
266.390988,10.297923
266.319625,-22.487222
266.417359,-29.008304
266.316667,-29.166667
266.458333,-29.200000
266.484604,-30.673194
266.314250,-38.202028
266.503500,22.758028
266.528625,25.677083
266.500000,-27.850000
266.515417,-28.821944
266.527500,-28.845000
266.706250,-28.941944
266.728946,-32.665500
266.992958,-10.501389
266.878725,-26.787222
266.860625,-28.043611
266.845000,-28.154167
266.816175,-29.966944
266.952986,-40.615217
267.219538,-20.361028
267.220637,-20.360794
267.213222,-20.364947
267.215194,-20.352059
267.220002,-20.358161
267.218058,-20.360925
267.009396,-24.776917
267.020000,-24.779167
267.020000,-24.779167
267.020000,-24.779167
267.020000,-24.779167
267.020000,-24.779167
267.020000,-24.779167
267.020000,-24.779167
267.020000,-24.779167
267.020000,-24.779167
267.018917,-24.776667
267.020000,-24.779167
267.020000,-24.779167
267.020000,-24.779167
267.020000,-24.779167
267.020000,-24.779167
267.020000,-24.779167
267.020000,-24.779167
267.020000,-24.779167
267.020000,-24.779167
267.020000,-24.779167
267.020000,-24.779167
267.020000,-24.779167
267.020000,-24.779167
267.020000,-24.779167
267.020000,-24.779167
267.020000,-24.779167
267.020000,-24.779167
267.020000,-24.779167
267.020000,-24.779167
267.020000,-24.779167
267.020000,-24.779167
267.020000,-24.779167
267.020000,-24.779167
267.000000,-30.283333
267.099125,-30.153389
267.315042,-23.788056
267.297000,-26.486111
267.349042,-49.533056
267.435417,-56.088611
267.576667,-20.718889
267.749112,-24.649444
267.595667,-24.746389
267.639125,-25.611944
267.516667,-28.750000
267.685421,-35.052472
267.557507,-37.053042
267.550737,-37.056369
267.556059,-37.051550
267.554570,-37.051769
267.969292,-25.278611
267.886235,-28.962917
267.886354,-33.394333
267.925971,-46.956889
268.147583,23.996722
268.244758,-24.173889
268.244540,-28.110361
268.102292,-28.352778
268.220833,-12.983333
268.396546,-19.249444
268.416029,-22.678333
268.250000,-38.816667
268.652333,-24.373333
268.566667,-30.183333
268.655717,-34.731639
268.727567,-35.178611
268.793183,-9.064333
268.798533,-16.844722
268.899171,-20.416667
268.900000,-25.883333
268.998792,-25.357500
268.830458,-25.352500
268.957583,-25.577500
268.817875,-26.000000
268.924500,-27.429167
268.800000,-33.516667
268.897693,-37.269661
269.000000,18.316667
269.106500,-22.430000
269.194308,-22.866486
269.175000,-25.466667
269.330792,-26.318889
269.350000,-15.055000
269.461550,-22.396944
269.478313,-27.750000
269.313173,-53.373996
269.523333,-19.528056
269.685208,-22.112500
269.633083,-25.680278
269.642792,-26.502778
269.564208,-28.767222
269.607833,30.506667
269.892917,-10.499167
269.867333,-17.602778
269.924000,-19.055278
269.987667,-19.674722
269.897583,-19.935556
269.955125,-23.035556
269.878938,-23.121389
269.850000,-24.033333
269.896333,-25.818611
269.841900,-31.122639
270.092000,-1.425167
270.051250,-21.238611
270.000000,-23.716667
270.250000,50.466667
270.460885,-8.958847
270.460691,-8.959114
270.461420,-8.959083
270.480689,-8.956758
270.462818,-14.292917
270.342917,-18.930278
270.444542,-19.160000
270.385375,-21.255000
270.284708,-21.908889
270.332621,-23.078944
270.250067,-24.857639
270.357873,-32.181587
270.469417,-34.976944
270.614375,1.473250
270.683333,3.633333
270.550000,-5.398056
270.561875,-17.754722
270.522232,-21.401014
270.512917,-24.445278
270.730000,-33.779167
270.894500,-16.275000
270.996083,-18.955278
270.872667,-19.344722
270.964210,-21.618709
270.790133,-21.820278
270.892083,-30.033889
270.892083,-30.033889
270.892083,-30.033889
270.935221,-33.486306
271.117458,-22.471667
271.200000,-28.116667
271.380983,-6.329278
271.275417,-15.076667
271.404542,-20.547500
271.367458,-20.621111
271.358042,-24.791667
271.427042,-29.800000
271.717142,10.388417
271.607417,-16.310556
271.527500,-19.339722
271.581625,-21.427778
271.854167,4.083333
271.963479,7.945386
271.908448,-8.795353
271.834815,-24.998028
271.836963,-25.000532
271.806917,-25.955556
272.079167,0.566667
272.190142,-10.346750
272.162875,-15.294444
272.176250,-17.440833
272.163904,-20.411069
272.055125,-27.022500
272.018667,-32.826111
272.464000,-1.324722
272.399667,-7.717056
272.439625,-14.490278
272.405042,-18.848611
272.429779,-19.293917
272.462862,-19.731092
272.316125,-20.070000
272.459375,-23.539633
272.362417,-35.788333
272.746508,-14.692667
272.655333,17.743717
272.731333,-18.344167
272.745800,-20.085631
272.685125,-53.635472
272.832833,-1.908583
272.835083,7.041583
272.821125,-10.817500
272.860542,-17.296389
272.979308,-17.610472
272.873833,-18.595556
272.871667,-19.424444
272.832721,-24.088435
272.981375,-24.664722
272.863292,-49.505778
273.145375,-19.177500
273.087208,-21.043333
273.134583,-25.443889
273.169083,-27.800833
273.187092,-30.655833
273.349042,-12.766444
273.396525,-17.832633
273.411500,18.370833
273.416125,-21.216778
273.371500,-22.701667
273.419132,-26.365849
273.608875,-5.360278
273.671917,-6.300472
273.678092,11.512208
273.655625,-16.824444
273.679583,-17.746667
273.811133,-17.634167
273.762833,-19.166778
273.750000,55.483333
274.102262,-7.922917
274.121625,-14.775000
274.149726,45.176073
274.151933,-56.728361
274.457458,-7.721917
274.400833,-15.194167
274.278417,-19.643333
274.250000,-23.183333
274.274071,-36.301111
274.251125,-38.633250
274.562500,-1.817222
274.610208,-11.274722
274.599025,-14.376864
274.616292,-14.810556
274.560833,-15.328611
274.656333,-15.695833
274.716458,-15.934444
274.960592,-9.430528
274.916608,-10.141111
274.869917,-11.245278
274.992292,-11.524722
274.984275,13.087569
274.931917,-13.311667
274.986667,-14.133778
274.892387,-14.967658
274.973713,-15.172389
274.875000,-17.083333
274.930833,-17.287778
275.094700,-5.160694
275.170083,-15.497222
275.412015,1.922776
275.292958,-2.944056
275.436250,-3.520194
275.392917,-14.323889
275.415738,-14.548111
275.306263,17.263072
275.500000,41.750000
275.716083,-8.816389
275.665833,-9.126667
275.560833,11.348944
275.673750,-12.880278
275.575000,-16.074111
275.652500,-16.293056
275.547317,-42.153050
275.879055,5.840086
275.832750,-11.434444
275.851042,-13.798333
275.839250,-15.439444
275.790333,-18.125833
275.918696,-30.361146
275.923106,-30.361372
275.921465,-30.360681
275.918880,-30.362128
275.918750,-30.361167
275.918750,-30.361167
276.222625,-1.464278
276.233962,-11.998167
276.209088,-13.839167
276.239112,-14.384806
276.058750,-15.009167
276.043000,-22.553056
276.119333,-23.471389
276.133366,-24.869676
276.136708,-24.869778
276.136708,-24.869778
276.136708,-24.869778
276.136708,-24.869778
276.136708,-24.869778
276.136708,-24.869778
276.136708,-24.869778
276.135542,-24.869056
276.136708,-24.869778
276.136708,-24.869778
276.136708,-24.869778
276.127446,-25.621944
276.483138,-3.332658
276.377621,-9.589528
276.326250,-11.148333
276.491667,-31.038889
276.508333,-33.350000
276.535542,-12.942500
276.554896,-13.579667
276.676629,-14.322667
276.552500,-15.434167
276.761396,-7.838667
276.941183,-9.571222
277.086312,-6.197639
277.116792,6.416806
277.126483,-10.119472
277.138375,-10.957222
277.078537,-11.030806
277.178542,-13.612500
277.222242,13.993156
277.089833,-21.332222
277.446417,0.002361
277.272375,-7.572778
277.275250,-10.190278
277.394445,24.938387
277.627917,-0.881667
277.581717,-1.530028
277.525000,-10.650000
277.507167,-11.592222
277.674917,-13.221167
277.501458,-14.243611
277.901392,-8.389972
277.892933,-9.867139
277.803458,-12.391944
277.983167,-13.498889
277.871250,-14.396111
278.211250,0.490833
278.177792,-6.733833
278.114973,-8.615272
278.125000,-28.716667
278.272546,-2.154556
278.412000,-5.934722
278.281667,-5.990278
278.434875,-8.518806
278.389875,-10.568750
278.493333,-10.925278
278.311667,-60.384444
278.712888,-0.526194
278.658208,-6.043056
278.621875,-6.550306
278.566667,-7.518611
278.630500,-7.705722
278.624167,-8.200000
278.717158,-8.765561
278.650000,-9.250000
278.612500,10.733333
278.596333,-12.040667
278.722504,-17.180556
278.691417,-18.933056
278.841325,-1.242669
278.803942,-3.819417
278.783833,-5.368889
278.908417,-9.407500
278.840925,-9.404417
278.842583,-9.467222
278.944417,-9.741389
278.936917,-9.777222
278.989796,-10.334667
278.826196,-11.104194
278.959708,-15.810556
278.933333,-32.990278
279.105000,-5.293056
279.025000,-11.283333
279.217863,-13.409333
279.106022,-23.914553
279.101463,-23.907972
279.056975,59.425042
279.368542,0.886944
279.348596,-5.991194
279.431458,-6.080278
279.429167,-8.334444
279.279667,12.365000
279.289208,-12.732222
279.476042,-18.618889
279.625000,-1.016667
279.664262,-1.130178
279.546625,-4.889722
279.733417,-5.619167
279.658708,-5.820000
279.715750,-6.415000
279.513042,-6.925944
279.610333,-10.782500
279.679425,16.837792
279.640792,-18.833056
279.970833,-1.600000
279.991800,-2.385972
279.906313,-3.352917
279.985762,-3.549611
279.962750,-4.040250
279.750267,-4.615972
279.927579,-4.999667
279.835250,-6.459444
279.790846,-6.729222
279.972742,-9.087444
279.932117,-12.644639
279.750000,15.000000
280.142029,2.248528
280.204167,-4.640833
280.096583,-5.987833
280.067958,-6.437611
280.039333,-6.729722
280.198333,-7.892222
280.139017,-8.150917
280.057396,-8.252944
280.216250,-8.674722
280.100275,-11.369639
280.224092,-12.125722
280.137333,-14.318056
280.185867,56.682075
280.324004,1.504694
280.484196,-1.965167
280.357875,-3.172500
280.411167,-3.811833
280.273596,-4.422083
280.330596,-4.936433
280.325583,-5.005417
280.455500,-5.408194
280.392917,-14.071944
280.357917,-78.754167
280.741125,-1.890750
280.628875,2.966333
280.579250,-3.162778
280.570925,3.976472
280.547037,-4.260611
280.679375,-6.210000
280.541675,6.637500
280.728929,-8.014861
280.592242,-9.090167
280.624833,13.533750
280.866508,-0.011361
280.903000,-0.836111
280.802625,-1.629528
280.876367,-2.184111
280.777792,-3.932222
280.931000,-4.134444
280.865179,-4.991778
280.790550,-5.167917
280.843504,-7.048500
280.772862,-7.741694
280.869646,-8.112472
280.921926,-11.225292
280.755729,-14.803503
280.890029,-15.117500
280.859083,20.415167
281.045833,0.583333
281.171246,-0.507167
281.168948,1.259715
281.220833,-2.933333
281.227833,-2.948083
281.028825,-3.036444
281.189500,-3.176972
281.006417,-4.872472
281.141500,-5.033472
281.228727,14.903922
281.470417,-3.268056
281.410375,-5.755056
281.285792,6.399333
281.280858,-6.589833
281.488250,-7.727333
281.273721,-8.444361
281.440742,-11.236389
281.297917,-13.865139
281.682587,0.860833
281.564542,-2.960000
281.603917,-2.975028
281.582267,-7.822611
281.533329,-7.820333
281.608333,9.329444
281.557417,-74.051111
281.896708,-1.512778
281.828583,-4.466389
281.908021,-4.637583
281.966042,-4.726722
281.837796,-6.087250
282.157875,-0.388056
282.189583,-0.931389
282.176000,3.859917
282.062542,-5.193889
282.084788,-6.018806
282.227592,6.079667
282.233375,6.792139
282.182375,8.443306
282.049208,-11.835889
282.008333,-12.783333
282.125000,12.833333
282.256708,-0.021556
282.292708,-0.672222
282.434083,1.456389
282.491042,-3.291944
282.264462,4.161750
282.438154,-6.242083
282.394485,24.396104
282.699708,-0.107250
282.561308,-0.436556
282.688100,0.440444
282.639125,-0.519167
282.504225,1.409614
282.673679,2.715956
282.597625,4.385889
282.537500,15.533333
282.979554,-0.499472
282.763208,-0.885361
282.818375,-1.237056
282.967417,1.316389
282.750000,2.533333
282.813583,-2.691944
283.178250,0.136000
283.174079,0.232528
283.194167,0.555806
283.160708,0.672167
283.071458,-1.304111
283.015000,-1.456500
283.135833,3.084722
283.239083,-6.599167
283.345908,-0.075639
283.374867,0.191583
283.386083,0.949722
283.250000,3.000000
283.268167,5.090583
283.493379,5.765350
283.355925,-6.823861
283.341958,8.888056
283.488827,13.062239
283.500000,0.000000
283.512417,3.103889
283.621083,3.291944
283.723333,-15.956111
283.925192,2.093444
283.860958,3.122278
283.922375,4.379722
283.812804,5.461306
283.823833,7.010306
283.815333,-9.683889
284.118763,1.036278
284.212083,2.763056
284.110833,4.073889
284.091571,-5.449111
284.147542,-37.902222
284.387533,1.729722
284.420417,2.182778
284.316067,5.441306
284.288792,8.151194
284.401629,9.721448
284.360208,-10.450278
284.500000,2.000000
284.572625,2.260556
284.724208,2.693889
284.593167,3.777167
284.684583,-7.616667
284.500000,-22.266667
284.941667,0.583333
284.940667,6.029472
284.934954,15.436389
284.750000,76.900000
285.194350,-0.852333
285.160833,2.458889
285.210645,3.140022
285.116808,6.572472
285.058333,-9.468611
285.198258,-26.012167
285.075000,30.883333
285.101667,-79.863389
285.383333,0.433333
285.468937,1.413694
285.250000,2.583333
285.315292,2.911389
285.498403,3.006479
285.315312,-3.208194
285.318042,-3.253972
285.262542,3.338333
285.378375,3.933028
285.292917,4.230833
285.384167,4.589722
285.250000,4.983333
285.491042,5.176111
285.274833,6.355278
285.453208,13.113417
285.325125,-17.666667
285.500000,2.000000
285.709417,2.815556
285.711250,-3.671667
285.709488,6.275947
285.556417,7.397500
285.575000,-10.659167
285.511868,-51.099158
285.500000,-70.000000
285.876429,-2.971000
285.774138,3.455336
285.750000,4.250000
285.836975,6.026111
285.796963,-8.815944
285.979917,9.431944
285.970625,22.420083
285.911640,-70.862072
286.231479,-1.842361
286.130758,4.201639
286.247437,4.865265
286.031387,7.647692
286.014583,8.014611
286.010375,10.192944
286.187500,-16.413056
286.314167,1.909167
286.367806,4.003023
286.268125,6.016639
286.278537,6.271306
286.331396,9.042358
286.500000,0.916667
286.740804,4.241511
286.549875,6.830028
286.630000,7.382167
286.500000,7.416667
286.703583,7.773861
286.618583,9.215722
286.686292,18.902361
286.925125,2.828056
286.750000,2.933333
286.810596,3.752944
286.750000,5.000000
286.847250,5.581389
286.978083,6.038028
286.978292,7.522750
286.933825,7.672944
286.843504,9.308544
286.809708,9.322250
286.907417,11.826972
286.794583,12.793306
286.778250,-15.537472
286.894400,40.034919
287.067292,4.961389
287.021508,5.015125
287.070875,7.570656
287.077125,8.666444
287.030987,9.153444
287.244833,9.270556
287.133083,23.861639
287.463375,6.281056
287.371050,6.690500
287.284167,7.825556
287.332958,9.214917
287.250000,11.800000
287.362333,14.849444
287.327517,18.986317
287.447644,-37.737352
287.565417,-1.201667
287.543162,2.423222
287.610458,5.569167
287.577488,7.236611
287.591996,7.476969
287.500000,10.450000
287.540423,12.940413
287.928148,-59.974140
287.716898,-59.983573
287.773147,-60.016583
287.718401,-59.984855
287.717322,-59.983913
287.950000,0.616667
287.796207,1.036039
287.802385,1.030678
287.750000,9.000000
287.750000,10.000000
287.955386,-11.239536
287.980020,13.792892
287.980792,17.979386
288.193042,10.611556
288.077608,25.417256
288.475723,-4.679911
288.461750,4.768333
288.250000,6.283333
288.252083,8.534750
288.337754,9.079278
288.469583,9.611611
288.264958,10.000667
288.334754,10.189714
288.250000,11.050000
288.432833,11.759194
288.324896,13.509111
288.366196,37.536750
288.599142,2.329944
288.571833,6.532306
288.500000,6.983333
288.542167,11.367694
288.758842,2.463269
288.853333,7.642056
288.758083,7.869222
288.807792,8.649917
288.874933,10.162131
288.750000,-11.500000
288.750000,11.733333
288.750000,11.816667
288.897567,14.180972
288.866664,16.107608
289.214583,7.800000
289.079504,8.735278
289.102500,8.876667
289.153792,10.384167
289.048833,10.514833
289.083521,12.431650
289.453554,8.581842
289.349900,17.625444
289.700139,-6.709691
289.701029,-10.879550
289.500000,13.166667
289.532083,15.687556
289.961096,0.361056
289.931750,1.582361
289.887442,13.243694
289.788513,16.756311
289.930592,17.751053
290.204167,-9.774167
290.230750,10.675278
290.055458,11.183056
290.448767,8.214406
290.443635,15.738183
290.250000,16.000000
290.464988,20.055778
290.436729,21.883958
290.483333,42.416667
290.721742,17.556519
290.500000,58.466667
290.782708,17.102611
290.843722,25.261282
291.000000,16.466667
291.228667,16.530222
291.012965,16.661321
291.000000,17.000000
291.166667,20.667500
291.275000,-16.016667
291.250000,17.350000
291.358333,19.066667
291.640583,7.618667
291.724312,-13.234389
291.500000,16.216667
291.595083,19.469917
291.575267,20.266981
291.856783,9.184917
291.793425,18.869028
291.854042,18.943556
291.783667,22.582583
292.083333,15.216667
292.177304,17.774894
292.021512,19.392033
292.366667,0.433333
292.325000,16.350000
292.319917,18.749861
292.383333,19.083333
292.323214,19.918864
292.267663,21.356300
292.250000,62.266667
292.503946,13.269750
292.500000,14.000000
292.683333,17.416667
292.623815,-18.862853
292.625542,18.870583
292.750000,14.666667
292.982125,15.615972
292.982767,19.869861
292.866667,30.583333
293.058124,10.992339
293.000000,17.000000
293.082083,19.277500
293.025625,-36.917250
293.330863,7.968614
293.343871,13.080547
293.250000,17.433333
293.385113,-62.196356
293.500000,19.000000
293.692458,23.882194
293.812500,12.050000
293.949275,16.277774
293.766450,17.441239
293.874875,17.753389
293.924754,20.427806
293.732000,21.896722
293.750000,52.200000
294.006333,15.610000
294.000000,20.000000
294.120833,21.200000
294.287500,-0.283333
294.317958,15.088611
294.448346,29.833833
294.472750,6.835000
294.534750,20.181028
294.500000,20.200000
294.559083,22.220189
294.795833,10.750000
294.910672,21.583091
295.000000,66.200000
295.000000,22.766667
295.147858,23.629583
295.125000,-24.050000
295.316829,1.360972
295.384725,10.440444
295.270279,13.691778
295.336667,25.418139
295.251696,-26.034931
295.500000,43.383333
295.504292,17.724528
295.500000,81.100000
295.871383,6.166000
295.818712,22.173098
296.038871,9.123072
296.000000,-10.283333
296.132500,17.928444
296.004461,22.606283
296.479167,7.283333
296.400417,18.572250
296.740954,-13.210111
296.721017,18.094789
296.603708,22.749833
296.500000,23.966667
296.704583,25.597639
296.690875,26.197000
296.715558,-29.229750
296.604716,34.287410
296.600000,-54.033333
296.942583,9.252222
296.900000,10.733333
296.830979,19.952331
296.775000,-42.250000
297.073246,25.864431
297.104195,35.669738
297.280500,23.115417
297.373494,31.101064
297.741667,5.583333
297.687766,24.249157
297.784375,11.390333
298.153500,26.507798
298.242525,32.877919
298.447792,11.828500
298.441667,18.778333
298.282500,27.546722
298.250000,67.033333
298.579792,28.601667
298.593975,29.388136
298.750000,43.833333
298.997480,25.450956
298.866149,29.145405
298.828182,50.998692
299.217750,8.638000
299.000000,-27.883333
299.250000,25.266667
299.412083,50.555000
299.666958,28.765000
299.903208,20.804201
299.908458,36.341417
300.500000,42.716667
300.699042,16.621306
300.741667,30.583333
301.195708,34.488250
301.322887,35.790389
301.447917,35.873417
301.545833,31.034167
301.806250,8.159167
301.992096,9.170258
301.750000,20.350000
301.815953,27.379976
301.787550,31.347650
302.147842,25.225100
302.454833,33.436167
302.691337,-13.398910
302.521117,28.758103
302.610417,32.502028
302.770525,33.523511
303.194167,-20.491944
303.323961,-6.818164
303.392721,30.980747
303.293196,38.762031
303.802917,25.408694
304.239348,19.797663
304.344604,6.051547
304.370575,20.725528
304.500000,59.216667
304.515972,28.665059
304.721650,34.516808
304.883121,24.420918
305.272750,36.851333
305.374958,40.445861
305.654446,28.906418
305.590371,38.704117
305.707804,51.913954
306.000000,48.000000
306.819542,21.767897
306.817637,45.965856
307.000000,74.783333
307.082750,33.534544
307.501088,36.690875
307.713958,44.260583
307.500000,55.000000
308.054613,41.456767
308.379625,0.706111
308.364655,17.582955
308.480833,-19.649722
309.193179,28.586233
309.310583,19.715083
309.500000,35.000000
309.725792,-38.269972
310.074438,16.958461
310.837009,17.191369
310.931250,27.682222
310.750000,70.750000
311.245000,46.248333
311.447266,9.208100
311.500654,-4.357222
311.663954,15.676003
311.750000,10.883333
311.977667,50.493936
312.148503,-16.279043
312.191117,22.918142
312.500000,13.016667
312.781310,-8.460499
313.446417,-72.011722
313.953333,25.667222
313.880634,36.505964
315.500000,38.000000
316.500000,28.483333
316.303875,62.384861
317.127042,-34.493861
317.085342,44.696908
317.888042,21.101944
317.750000,40.000000
317.850542,46.108694
318.268290,27.900636
318.500000,67.033333
319.057300,14.239178
320.750000,54.550000
321.182706,-33.979125
321.880333,-66.807806
322.250000,-4.000000
322.492694,12.167009
322.494300,12.166753
322.505018,12.177280
322.492808,12.166594
322.492446,12.169064
322.488242,12.167475
322.491458,12.165917
322.492433,12.166508
322.344862,-57.353948
324.000917,-16.103611
324.250000,64.316667
324.500000,49.183333
324.925000,0.600000
324.862083,22.711667
324.983125,47.270278
325.093359,-23.180220
325.091667,-23.179722
325.764083,6.904869
326.050252,-39.565801
326.163333,-52.625583
326.460256,-7.838466
327.494125,63.495417
327.870417,23.253556
328.815917,28.220028
328.755833,-56.699167
329.098767,26.308464
329.257706,40.296107
330.750000,50.000000
331.166667,27.033333
331.321863,14.742028
331.575496,61.866139
331.750000,40.950000
332.098833,55.002336
332.750000,57.483333
333.250000,53.000000
333.661879,30.010610
333.915221,15.643022
333.886202,51.593428
334.021750,57.998250
334.479292,57.551111
334.950579,47.914981
335.524871,-1.621035
335.500000,56.000000
336.200000,35.500000
336.469671,65.593217
336.875000,30.600000
337.462027,26.732718
337.272000,61.235917
337.250000,64.966667
338.591667,6.183333
338.736000,21.238556
338.932084,15.113628
339.216046,-55.463565
339.617792,59.061333
339.500000,60.350000
340.178913,58.543756
340.425077,-52.610063
340.790700,15.306975
341.000000,69.666667
341.000000,63.000000
343.310554,15.277175
344.234958,-10.409547
345.284542,58.879014
345.695745,44.706137
345.546667,60.466728
346.493017,31.000489
346.482675,47.129256
346.922033,22.430589
347.057592,55.793342
347.750000,67.083333
348.285920,42.886956
348.750000,58.000000
349.250000,69.200000
349.288486,14.658682
349.896708,64.190488
350.593150,20.950816
351.112417,-60.901694
351.313750,-5.510833
351.500000,61.000000
352.458333,16.950000
352.612021,-20.091564
353.331033,61.758358
354.274008,61.850425
354.911417,-5.551478
355.187500,8.550000
355.750000,62.350000
358.000000,65.000000
358.500000,85.566667
358.519683,61.929664
